product,synonyms
1.   სადემონტაჟო სამუშაოები,['2. აღდგენითი სამუშაოები']
დაზიანებული შპალერის მოხსნა,"['დაზიანებული არმსტრონგის ფილების დემონტაჟი', 'დაზიანებული ბარისოლის საფარის დემონტაჟი', 'დაზიანებული ელექტროობის დემონტაჟი', 'დაზიანებული ვიტრაჟული კარის/ფანჯრის დემონტაჟი', 'დაზიანებული თაბ.მუყ. ჭერის/კედლის საფარის დემონტაჟი', 'დაზიანებული თბ.მუყ. ტიხრის დემონტაჟი', 'დაზიანებული თუნუქის სახურავის დემონტაჟი', 'დაზიანებული იატაკის პლინტუსების დემონტაჟი', 'დაზიანებული კაფელ-მეტლახის დემონტაჟი სააბაზანოში', 'დაზიანებული კედლის ფენილების გასუფთავება', 'დაზიანებული ლამინირებული იატაკის ფილების დემონტაჟი', 'დაზიანებული მდფ -ს კარის ბლოკის დემონტაჟი', 'დაზიანებული მემბრანა ტოლის დემონტაჟი სახურავზე', 'დაზიანებული მინაპაკეტის დემონტაჟი', 'დაზიანებული პარკეტის დემონტაჟი', 'დაზიანებული პარკეტის ზედაპირის გასუფთავება (მოხვეწა)', 'დაზიანებული ჟოლობის აღდგენა', 'დაზიანებული ჟოლობის დემონტაჟი', 'დაზიანებული ფენილის გასუფთავება ფასადზე', 'დაზიანებული შეკიდული ჭერი (პლასტიკატი)', 'დაზიანებული ჭერის ფენილის გასუფთავება', 'კაფელის დაზიანებული პირაპირების აწმენდა (ფუგა)', 'მდფ-ის დაზიანებული ნაწილების დემონტაჟი', 'შპალერის აღდგენა', 'შპალერის წებო']"
დაზიანებული იატაკის პლინტუსების დემონტაჟი,"['აგურის კედლის დემონტაჟი', 'აზბესტის სახურავის დემონტაჟი (შიფერი)', 'ალუკაბონდის დემონტაჟი', 'ალუკაბონდის კონსტრუქციის დემონტაჟი', 'ბეტონის დემონტაჟი', 'ბლოკის კედლის დემონტაჟი', 'დაზიანებული არმსტრონგის ფილების დემონტაჟი', 'დაზიანებული ბარისოლის საფარის დემონტაჟი', 'დაზიანებული ელექტროობის დემონტაჟი', 'დაზიანებული ვიტრაჟული კარის/ფანჯრის დემონტაჟი', 'დაზიანებული თაბ.მუყ. ჭერის/კედლის საფარის დემონტაჟი', 'დაზიანებული თბ.მუყ. ტიხრის დემონტაჟი', 'დაზიანებული თუნუქის სახურავის დემონტაჟი', 'დაზიანებული კაფელ-მეტლახის დემონტაჟი სააბაზანოში', 'დაზიანებული კედლის ფენილების გასუფთავება', 'დაზიანებული ლამინირებული იატაკის ფილების დემონტაჟი', 'დაზიანებული მდფ -ს კარის ბლოკის დემონტაჟი', 'დაზიანებული მემბრანა ტოლის დემონტაჟი სახურავზე', 'დაზიანებული მინაპაკეტის დემონტაჟი', 'დაზიანებული პარკეტის დემონტაჟი', 'დაზიანებული პარკეტის ზედაპირის გასუფთავება (მოხვეწა)', 'დაზიანებული ჟოლობის აღდგენა', 'დაზიანებული ჟოლობის დემონტაჟი', 'დაზიანებული ფენილის გასუფთავება ფასადზე', 'დაზიანებული შეკიდული ჭერი (პლასტიკატი)', 'დაზიანებული შპალერის მოხსნა', 'დაზიანებული ჭერის ფენილის გასუფთავება', 'ვინილის/ლინოლეუმის იატაკის აღდგენა', 'ვინილის/ლინოლეუმის იატაკის დემონტაჟი', 'იატაკის ლაქი', 'იატაკის პლინტუსების მოწყობა', 'კაფელის დაზიანებული პირაპირების აწმენდა (ფუგა)', 'კედლის ნალესის დემონტაჟი', 'ლამინირებული იატაკის აღდგენა', 'ლამინირებული იატაკის ფილა', 'მდფ-ის ავეჯის სრული დემონტაჟი', 'მდფ-ის დაზიანებული ნაწილების დემონტაჟი', 'მოჭიმული იატაკის დემონტაჟი', 'მოჭიმული იატაკის მოწყობა', 'ნარმის ჭერის დემონტაჟი', 'პარკეტის იატაკის ზედაპირის მოხვეწა/შეღებვა/მონტაჟი', 'პოლიკარბონატის სახურავის დემონტაჟი', 'რბილი იტაკის დემონტაჟი', 'სარეკლამო მანათობელი ყუთის დემონტაჟი', 'სასაწყობე ელექტრო კარი ჟალუზის დემონტაჟი', 'სახურავზე კრამიტის ფილების დემონტაჟი', 'სენდვიჩ პანელის კედლის - ჭერის  ნაწილობრივი დემონტაჟი', 'შეღებილი ქაღალდის ჭერის/კედლის ფენილის დემონტაჟი', 'შინგლის/რბილი კრამიტის დემონტაჟი', 'ხის იატაკის დემონტაჟი', 'ხის იატაკის მოხვეწა/შეღებვა/მონტაჟი', 'ხის ფანჯრის/კარის დემონტაჟი']"
დაზიანებული კაფელ-მეტლახის დემონტაჟი სააბაზანოში,"['აგურის კედლის დემონტაჟი', 'აზბესტის სახურავის დემონტაჟი (შიფერი)', 'ალუკაბონდის დემონტაჟი', 'ალუკაბონდის კონსტრუქციის დემონტაჟი', 'ბეტონის დემონტაჟი', 'ბლოკის კედლის დემონტაჟი', 'დაზიანებული არმსტრონგის ფილების დემონტაჟი', 'დაზიანებული ბარისოლის საფარის დემონტაჟი', 'დაზიანებული ელექტროობის დემონტაჟი', 'დაზიანებული ვიტრაჟული კარის/ფანჯრის დემონტაჟი', 'დაზიანებული თაბ.მუყ. ჭერის/კედლის საფარის დემონტაჟი', 'დაზიანებული თბ.მუყ. ტიხრის დემონტაჟი', 'დაზიანებული თუნუქის სახურავის დემონტაჟი', 'დაზიანებული იატაკის პლინტუსების დემონტაჟი', 'დაზიანებული კედლის ფენილების გასუფთავება', 'დაზიანებული ლამინირებული იატაკის ფილების დემონტაჟი', 'დაზიანებული მდფ -ს კარის ბლოკის დემონტაჟი', 'დაზიანებული მემბრანა ტოლის დემონტაჟი სახურავზე', 'დაზიანებული მინაპაკეტის დემონტაჟი', 'დაზიანებული პარკეტის დემონტაჟი', 'დაზიანებული პარკეტის ზედაპირის გასუფთავება (მოხვეწა)', 'დაზიანებული ჟოლობის აღდგენა', 'დაზიანებული ჟოლობის დემონტაჟი', 'დაზიანებული ფენილის გასუფთავება ფასადზე', 'დაზიანებული შეკიდული ჭერი (პლასტიკატი)', 'დაზიანებული შპალერის მოხსნა', 'დაზიანებული ჭერის ფენილის გასუფთავება', 'ვინილის/ლინოლეუმის იატაკის დემონტაჟი', 'კაფელ-მეტლახის/გრანიტის აღდგენა', 'კაფელის დაზიანებული პირაპირების აწმენდა (ფუგა)', 'კედელზე კაფელის ზედაპირის დამუშავება ფუგით  (სააბაზანოში)', 'კედლის ნალესის დემონტაჟი', 'მდფ-ის ავეჯის სრული დემონტაჟი', 'მდფ-ის დაზიანებული ნაწილების დემონტაჟი', 'მოჭიმული იატაკის დემონტაჟი', 'ნარმის ჭერის დემონტაჟი', 'პოლიკარბონატის სახურავის დემონტაჟი', 'რბილი იტაკის დემონტაჟი', 'სარეკლამო მანათობელი ყუთის დემონტაჟი', 'სასაწყობე ელექტრო კარი ჟალუზის დემონტაჟი', 'სახურავზე კრამიტის ფილების დემონტაჟი', 'სენდვიჩ პანელის კედლის - ჭერის  ნაწილობრივი დემონტაჟი', 'შეღებილი ქაღალდის ჭერის/კედლის ფენილის დემონტაჟი', 'შინგლის/რბილი კრამიტის დემონტაჟი', 'ხის იატაკის დემონტაჟი', 'ხის ფანჯრის/კარის დემონტაჟი']"
დაზიანებული პარკეტის დემონტაჟი,"['აგურის კედლის დემონტაჟი', 'აზბესტის სახურავის დემონტაჟი (შიფერი)', 'ალუკაბონდის დემონტაჟი', 'ალუკაბონდის კონსტრუქციის დემონტაჟი', 'ბეტონის დემონტაჟი', 'ბლოკის კედლის დემონტაჟი', 'დაზიანებული არმსტრონგის ფილების დემონტაჟი', 'დაზიანებული ბარისოლის საფარის დემონტაჟი', 'დაზიანებული ელექტროობის დემონტაჟი', 'დაზიანებული ვიტრაჟული კარის/ფანჯრის დემონტაჟი', 'დაზიანებული თაბ.მუყ. ჭერის/კედლის საფარის დემონტაჟი', 'დაზიანებული თბ.მუყ. ტიხრის დემონტაჟი', 'დაზიანებული თუნუქის სახურავის დემონტაჟი', 'დაზიანებული იატაკის პლინტუსების დემონტაჟი', 'დაზიანებული კაფელ-მეტლახის დემონტაჟი სააბაზანოში', 'დაზიანებული კედლის ფენილების გასუფთავება', 'დაზიანებული ლამინირებული იატაკის ფილების დემონტაჟი', 'დაზიანებული მდფ -ს კარის ბლოკის დემონტაჟი', 'დაზიანებული მემბრანა ტოლის დემონტაჟი სახურავზე', 'დაზიანებული მინაპაკეტის დემონტაჟი', 'დაზიანებული პარკეტის ზედაპირის გასუფთავება (მოხვეწა)', 'დაზიანებული ჟოლობის აღდგენა', 'დაზიანებული ჟოლობის დემონტაჟი', 'დაზიანებული ფენილის გასუფთავება ფასადზე', 'დაზიანებული შეკიდული ჭერი (პლასტიკატი)', 'დაზიანებული შპალერის მოხსნა', 'დაზიანებული ჭერის ფენილის გასუფთავება', 'ვინილის/ლინოლეუმის იატაკის დემონტაჟი', 'კაფელის დაზიანებული პირაპირების აწმენდა (ფუგა)', 'კედლის ნალესის დემონტაჟი', 'მდფ-ის ავეჯის სრული დემონტაჟი', 'მდფ-ის დაზიანებული ნაწილების დემონტაჟი', 'მოჭიმული იატაკის დემონტაჟი', 'ნარმის ჭერის დემონტაჟი', 'პარკეტის იატაკის ზედაპირის მოხვეწა/შეღებვა/მონტაჟი', 'პოლიკარბონატის სახურავის დემონტაჟი', 'რბილი იტაკის დემონტაჟი', 'სარეკლამო მანათობელი ყუთის დემონტაჟი', 'სასაწყობე ელექტრო კარი ჟალუზის დემონტაჟი', 'სახურავზე კრამიტის ფილების დემონტაჟი', 'სენდვიჩ პანელის კედლის - ჭერის  ნაწილობრივი დემონტაჟი', 'შეღებილი ქაღალდის ჭერის/კედლის ფენილის დემონტაჟი', 'შინგლის/რბილი კრამიტის დემონტაჟი', 'ხის იატაკის დემონტაჟი', 'ხის ფანჯრის/კარის დემონტაჟი']"
მდფ-ის დაზიანებული ნაწილების დემონტაჟი,"['აგურის კედლის დემონტაჟი', 'აზბესტის სახურავის დემონტაჟი (შიფერი)', 'ალუკაბონდის დემონტაჟი', 'ალუკაბონდის კონსტრუქციის დემონტაჟი', 'ახალი მდფ-ის  კარის ბლოკის მონტაჟი', 'ბეტონის დემონტაჟი', 'ბლოკის კედლის დემონტაჟი', 'დაზიანებული არმსტრონგის ფილების დემონტაჟი', 'დაზიანებული ბარისოლის საფარის დემონტაჟი', 'დაზიანებული ელექტროობის დემონტაჟი', 'დაზიანებული ვიტრაჟული კარის/ფანჯრის დემონტაჟი', 'დაზიანებული თაბ.მუყ. ჭერის/კედლის საფარის დემონტაჟი', 'დაზიანებული თბ.მუყ. ტიხრის დემონტაჟი', 'დაზიანებული თუნუქის სახურავის დემონტაჟი', 'დაზიანებული იატაკის პლინტუსების დემონტაჟი', 'დაზიანებული კაფელ-მეტლახის დემონტაჟი სააბაზანოში', 'დაზიანებული კედლის ფენილების გასუფთავება', 'დაზიანებული ლამინირებული იატაკის ფილების დემონტაჟი', 'დაზიანებული მდფ -ს კარის ბლოკის დემონტაჟი', 'დაზიანებული მემბრანა ტოლის დემონტაჟი სახურავზე', 'დაზიანებული მინაპაკეტის დემონტაჟი', 'დაზიანებული პარკეტის დემონტაჟი', 'დაზიანებული პარკეტის ზედაპირის გასუფთავება (მოხვეწა)', 'დაზიანებული ჟოლობის აღდგენა', 'დაზიანებული ჟოლობის დემონტაჟი', 'დაზიანებული ფენილის გასუფთავება ფასადზე', 'დაზიანებული შეკიდული ჭერი (პლასტიკატი)', 'დაზიანებული შპალერის მოხსნა', 'დაზიანებული ჭერის ფენილის გასუფთავება', 'ვინილის/ლინოლეუმის იატაკის დემონტაჟი', 'კაფელის დაზიანებული პირაპირების აწმენდა (ფუგა)', 'კედლის ნალესის დემონტაჟი', 'მდფ-ის ავეჯის სრული დემონტაჟი', 'მდფ-ის ფილა (2,88X1,2)', 'მდფ-ის ფილა (2,88X1,2) დაჭრა/დაწიბოება', 'მოჭიმული იატაკის დემონტაჟი', 'ნარმის ჭერის დემონტაჟი', 'პლინტუსი მდფ-ის', 'პოლიკარბონატის სახურავის დემონტაჟი', 'რბილი იტაკის დემონტაჟი', 'სარეკლამო მანათობელი ყუთის დემონტაჟი', 'სასაწყობე ელექტრო კარი ჟალუზის დემონტაჟი', 'სახურავზე კრამიტის ფილების დემონტაჟი', 'სენდვიჩ პანელის კედლის - ჭერის  ნაწილობრივი დემონტაჟი', 'შეღებილი ქაღალდის ჭერის/კედლის ფენილის დემონტაჟი', 'შინგლის/რბილი კრამიტის დემონტაჟი', 'ხის იატაკის დემონტაჟი', 'ხის ფანჯრის/კარის დემონტაჟი']"
მდფ-ის ავეჯის სრული დემონტაჟი,"['აგურის კედლის დემონტაჟი', 'აზბესტის სახურავის დემონტაჟი (შიფერი)', 'ალუკაბონდის დემონტაჟი', 'ალუკაბონდის კონსტრუქციის დემონტაჟი', 'ახალი მდფ-ის  კარის ბლოკის მონტაჟი', 'ბეტონის დემონტაჟი', 'ბლოკის კედლის დემონტაჟი', 'დაზიანებული არმსტრონგის ფილების დემონტაჟი', 'დაზიანებული ბარისოლის საფარის დემონტაჟი', 'დაზიანებული ელექტროობის დემონტაჟი', 'დაზიანებული ვიტრაჟული კარის/ფანჯრის დემონტაჟი', 'დაზიანებული თაბ.მუყ. ჭერის/კედლის საფარის დემონტაჟი', 'დაზიანებული თბ.მუყ. ტიხრის დემონტაჟი', 'დაზიანებული თუნუქის სახურავის დემონტაჟი', 'დაზიანებული იატაკის პლინტუსების დემონტაჟი', 'დაზიანებული კაფელ-მეტლახის დემონტაჟი სააბაზანოში', 'დაზიანებული ლამინირებული იატაკის ფილების დემონტაჟი', 'დაზიანებული მდფ -ს კარის ბლოკის დემონტაჟი', 'დაზიანებული მემბრანა ტოლის დემონტაჟი სახურავზე', 'დაზიანებული მინაპაკეტის დემონტაჟი', 'დაზიანებული პარკეტის დემონტაჟი', 'დაზიანებული ჟოლობის დემონტაჟი', 'ვინილის/ლინოლეუმის იატაკის დემონტაჟი', 'კედლის ნალესის დემონტაჟი', 'მდფ-ის დაზიანებული ნაწილების დემონტაჟი', 'მდფ-ის ფილა (2,88X1,2)', 'მდფ-ის ფილა (2,88X1,2) დაჭრა/დაწიბოება', 'მდფ/ლამინირებული ავეჯის ნაწილობრივი აღდგენა', 'მდფ/ლამინირებული ავეჯის სრული ჩანაცვლება', 'მოჭიმული იატაკის დემონტაჟი', 'ნარმის ჭერის დემონტაჟი', 'პლინტუსი მდფ-ის', 'პოლიკარბონატის სახურავის დემონტაჟი', 'რბილი იტაკის დემონტაჟი', 'სარეკლამო მანათობელი ყუთის დემონტაჟი', 'სასაწყობე ელექტრო კარი ჟალუზის დემონტაჟი', 'სახურავზე კრამიტის ფილების დემონტაჟი', 'სენდვიჩ პანელის კედლის - ჭერის  ნაწილობრივი დემონტაჟი', 'შეღებილი ქაღალდის ჭერის/კედლის ფენილის დემონტაჟი', 'შინგლის/რბილი კრამიტის დემონტაჟი', 'ხის იატაკის დემონტაჟი', 'ხის ფანჯრის/კარის დემონტაჟი']"
დაზიანებული თაბ.მუყ. ჭერის/კედლის საფარის დემონტაჟი,"['აგურის კედლის დემონტაჟი', 'აზბესტის სახურავის დემონტაჟი (შიფერი)', 'ალუკაბონდის დემონტაჟი', 'ალუკაბონდის კონსტრუქციის დემონტაჟი', 'ბეტონის დემონტაჟი', 'ბლოკის კედლის დემონტაჟი', 'დაზიანებული არმსტრონგის ფილების დემონტაჟი', 'დაზიანებული ბარისოლის საფარის დემონტაჟი', 'დაზიანებული ელექტროობის დემონტაჟი', 'დაზიანებული ვიტრაჟული კარის/ფანჯრის დემონტაჟი', 'დაზიანებული თბ.მუყ. ტიხრის დემონტაჟი', 'დაზიანებული თუნუქის სახურავის დემონტაჟი', 'დაზიანებული იატაკის პლინტუსების დემონტაჟი', 'დაზიანებული კაფელ-მეტლახის დემონტაჟი სააბაზანოში', 'დაზიანებული კედლის ფენილების გასუფთავება', 'დაზიანებული ლამინირებული იატაკის ფილების დემონტაჟი', 'დაზიანებული მდფ -ს კარის ბლოკის დემონტაჟი', 'დაზიანებული მემბრანა ტოლის დემონტაჟი სახურავზე', 'დაზიანებული მინაპაკეტის დემონტაჟი', 'დაზიანებული პარკეტის დემონტაჟი', 'დაზიანებული პარკეტის ზედაპირის გასუფთავება (მოხვეწა)', 'დაზიანებული ჟოლობის აღდგენა', 'დაზიანებული ჟოლობის დემონტაჟი', 'დაზიანებული ფენილის გასუფთავება ფასადზე', 'დაზიანებული შეკიდული ჭერი (პლასტიკატი)', 'დაზიანებული შპალერის მოხსნა', 'დაზიანებული ჭერის ფენილის გასუფთავება', 'ვინილის/ლინოლეუმის იატაკის დემონტაჟი', 'თაბ.მუყ. ნესტგამძლე ფილა 12,5 მმ', 'თაბ.მუყ. ტიხრის აღდგენა', 'თაბ.მუყ. ჭერის/კედლის აღდგენა', 'კაფელის დაზიანებული პირაპირების აწმენდა (ფუგა)', 'კედლის ნალესის დემონტაჟი', 'მდფ-ის ავეჯის სრული დემონტაჟი', 'მდფ-ის დაზიანებული ნაწილების დემონტაჟი', 'მოჭიმული იატაკის დემონტაჟი', 'ნარმის ჭერის დემონტაჟი', 'პოლიკარბონატის სახურავის დემონტაჟი', 'რბილი იტაკის დემონტაჟი', 'სარეკლამო მანათობელი ყუთის დემონტაჟი', 'სასაწყობე ელექტრო კარი ჟალუზის დემონტაჟი', 'სახურავზე კრამიტის ფილების დემონტაჟი', 'სენდვიჩ პანელის კედლის - ჭერის  ნაწილობრივი დემონტაჟი', 'შეღებილი ქაღალდის ჭერის/კედლის ფენილის აღდგენა', 'შეღებილი ქაღალდის ჭერის/კედლის ფენილის დემონტაჟი', 'შინგლის/რბილი კრამიტის დემონტაჟი', 'ხის იატაკის დემონტაჟი', 'ხის ფანჯრის/კარის დემონტაჟი']"
დაზიანებული ფენილის გასუფთავება ფასადზე,"['დაზიანებული არმსტრონგის ფილების დემონტაჟი', 'დაზიანებული ბარისოლის საფარის დემონტაჟი', 'დაზიანებული ელექტროობის დემონტაჟი', 'დაზიანებული ვიტრაჟული კარის/ფანჯრის დემონტაჟი', 'დაზიანებული თაბ.მუყ. ჭერის/კედლის საფარის დემონტაჟი', 'დაზიანებული თბ.მუყ. ტიხრის დემონტაჟი', 'დაზიანებული თუნუქის სახურავის დემონტაჟი', 'დაზიანებული იატაკის პლინტუსების დემონტაჟი', 'დაზიანებული კაფელ-მეტლახის დემონტაჟი სააბაზანოში', 'დაზიანებული კედლის ფენილების გასუფთავება', 'დაზიანებული ლამინირებული იატაკის ფილების დემონტაჟი', 'დაზიანებული მდფ -ს კარის ბლოკის დემონტაჟი', 'დაზიანებული მემბრანა ტოლის დემონტაჟი სახურავზე', 'დაზიანებული მინაპაკეტის დემონტაჟი', 'დაზიანებული პარკეტის დემონტაჟი', 'დაზიანებული პარკეტის ზედაპირის გასუფთავება (მოხვეწა)', 'დაზიანებული ჟოლობის აღდგენა', 'დაზიანებული ჟოლობის დემონტაჟი', 'დაზიანებული შეკიდული ჭერი (პლასტიკატი)', 'დაზიანებული შპალერის მოხსნა', 'დაზიანებული ჭერის ფენილის გასუფთავება', 'კაფელის დაზიანებული პირაპირების აწმენდა (ფუგა)', 'მდფ-ის დაზიანებული ნაწილების დემონტაჟი', 'შეღებილი ქაღალდის ჭერის/კედლის ფენილის აღდგენა', 'შეღებილი ქაღალდის ჭერის/კედლის ფენილის დემონტაჟი']"
დაზიანებული ლამინირებული იატაკის ფილების დემონტაჟი,"['აგურის კედლის დემონტაჟი', 'აზბესტის სახურავის დემონტაჟი (შიფერი)', 'ალუკაბონდის დემონტაჟი', 'ალუკაბონდის კონსტრუქციის დემონტაჟი', 'ბეტონის დემონტაჟი', 'ბლოკის კედლის დემონტაჟი', 'დაზიანებული არმსტრონგის ფილების დემონტაჟი', 'დაზიანებული ბარისოლის საფარის დემონტაჟი', 'დაზიანებული ელექტროობის დემონტაჟი', 'დაზიანებული ვიტრაჟული კარის/ფანჯრის დემონტაჟი', 'დაზიანებული თაბ.მუყ. ჭერის/კედლის საფარის დემონტაჟი', 'დაზიანებული თბ.მუყ. ტიხრის დემონტაჟი', 'დაზიანებული თუნუქის სახურავის დემონტაჟი', 'დაზიანებული იატაკის პლინტუსების დემონტაჟი', 'დაზიანებული კაფელ-მეტლახის დემონტაჟი სააბაზანოში', 'დაზიანებული კედლის ფენილების გასუფთავება', 'დაზიანებული მდფ -ს კარის ბლოკის დემონტაჟი', 'დაზიანებული მემბრანა ტოლის დემონტაჟი სახურავზე', 'დაზიანებული მინაპაკეტის დემონტაჟი', 'დაზიანებული პარკეტის დემონტაჟი', 'დაზიანებული პარკეტის ზედაპირის გასუფთავება (მოხვეწა)', 'დაზიანებული ჟოლობის აღდგენა', 'დაზიანებული ჟოლობის დემონტაჟი', 'დაზიანებული ფენილის გასუფთავება ფასადზე', 'დაზიანებული შეკიდული ჭერი (პლასტიკატი)', 'დაზიანებული შპალერის მოხსნა', 'დაზიანებული ჭერის ფენილის გასუფთავება', 'ვინილის/ლინოლეუმის იატაკის აღდგენა', 'ვინილის/ლინოლეუმის იატაკის დემონტაჟი', 'იატაკის ლაქი', 'იატაკის პლინტუსების მოწყობა', 'კაფელის დაზიანებული პირაპირების აწმენდა (ფუგა)', 'კედლის ნალესის დემონტაჟი', 'ლამინირებული იატაკის აღდგენა', 'ლამინირებული იატაკის ფილა', 'მდფ-ის ავეჯის სრული დემონტაჟი', 'მდფ-ის დაზიანებული ნაწილების დემონტაჟი', 'მოჭიმული იატაკის დემონტაჟი', 'მოჭიმული იატაკის მოწყობა', 'ნარმის ჭერის დემონტაჟი', 'პარკეტის იატაკის ზედაპირის მოხვეწა/შეღებვა/მონტაჟი', 'პოლიკარბონატის სახურავის დემონტაჟი', 'რბილი იტაკის დემონტაჟი', 'სარეკლამო მანათობელი ყუთის დემონტაჟი', 'სასაწყობე ელექტრო კარი ჟალუზის დემონტაჟი', 'სახურავზე კრამიტის ფილების დემონტაჟი', 'სახურავზე კრამიტის ფილების მოწყობა', 'სენდვიჩ პანელის კედლის - ჭერის  ნაწილობრივი დემონტაჟი', 'ფილების სამონტაჟო პლასტიკატის დეტალები', 'შეღებილი ქაღალდის ჭერის/კედლის ფენილის დემონტაჟი', 'შინგლის/რბილი კრამიტის დემონტაჟი', 'ხის იატაკის დემონტაჟი', 'ხის იატაკის მოხვეწა/შეღებვა/მონტაჟი', 'ხის ფანჯრის/კარის დემონტაჟი']"
დაზიანებული ჭერის ფენილის გასუფთავება,"['არმსტრონგის (ნესტგამძლე) შეკიდული ჭერის მოწყობა', 'არმსტრონგის ჭერის კარკასი დეტალებით', 'გასაჭიმი ჭერის რულონი', 'დაზიანებული არმსტრონგის ფილების დემონტაჟი', 'დაზიანებული ბარისოლის საფარის დემონტაჟი', 'დაზიანებული ელექტროობის დემონტაჟი', 'დაზიანებული ვიტრაჟული კარის/ფანჯრის დემონტაჟი', 'დაზიანებული თაბ.მუყ. ჭერის/კედლის საფარის დემონტაჟი', 'დაზიანებული თბ.მუყ. ტიხრის დემონტაჟი', 'დაზიანებული თუნუქის სახურავის დემონტაჟი', 'დაზიანებული იატაკის პლინტუსების დემონტაჟი', 'დაზიანებული კაფელ-მეტლახის დემონტაჟი სააბაზანოში', 'დაზიანებული კედლის ფენილების გასუფთავება', 'დაზიანებული ლამინირებული იატაკის ფილების დემონტაჟი', 'დაზიანებული მდფ -ს კარის ბლოკის დემონტაჟი', 'დაზიანებული მემბრანა ტოლის დემონტაჟი სახურავზე', 'დაზიანებული მინაპაკეტის დემონტაჟი', 'დაზიანებული პარკეტის დემონტაჟი', 'დაზიანებული პარკეტის ზედაპირის გასუფთავება (მოხვეწა)', 'დაზიანებული ჟოლობის აღდგენა', 'დაზიანებული ჟოლობის დემონტაჟი', 'დაზიანებული ფენილის გასუფთავება ფასადზე', 'დაზიანებული შეკიდული ჭერი (პლასტიკატი)', 'დაზიანებული შპალერის მოხსნა', 'კაფელის დაზიანებული პირაპირების აწმენდა (ფუგა)', 'მდფ-ის დაზიანებული ნაწილების დემონტაჟი', 'ნარმას ჭერის აღდგენა (ბიაზი)', 'ნარმის ჭერის დემონტაჟი', 'სენდვიჩ პანელის კედლის - ჭერის  ნაწილობრივი აღდგენა', 'სენდვიჩ პანელის კედლის - ჭერის  ნაწილობრივი დემონტაჟი', 'შეკიდული ჭერის Pპროფილი', 'შეკიდული ჭერის ნათურა, დღის ნათებით', 'შეღებილი ქაღალდის ჭერის/კედლის ფენილის აღდგენა', 'შეღებილი ქაღალდის ჭერის/კედლის ფენილის დემონტაჟი', 'ჭერის დამუშავება/შეღებვა', 'ჭერის პროფილი, გამჭედი დუბელი და სხვ. მასალები 1მ²', 'ჭერის პროფილი, საკიდები, გამჭედი დუბელი და სხვ. მასალები 1მ²', 'ჭერის სამონტაჟო პროფილები']"
დაზიანებული კედლის ფენილების გასუფთავება,"['აგურის კედლის ამოშენება', 'აგურის კედლის დემონტაჟი', 'ბლოკის კედლის ამოშენება', 'ბლოკის კედლის დემონტაჟი', 'დაზიანებული არმსტრონგის ფილების დემონტაჟი', 'დაზიანებული ბარისოლის საფარის დემონტაჟი', 'დაზიანებული ელექტროობის დემონტაჟი', 'დაზიანებული ვიტრაჟული კარის/ფანჯრის დემონტაჟი', 'დაზიანებული თაბ.მუყ. ჭერის/კედლის საფარის დემონტაჟი', 'დაზიანებული თბ.მუყ. ტიხრის დემონტაჟი', 'დაზიანებული თუნუქის სახურავის დემონტაჟი', 'დაზიანებული იატაკის პლინტუსების დემონტაჟი', 'დაზიანებული კაფელ-მეტლახის დემონტაჟი სააბაზანოში', 'დაზიანებული ლამინირებული იატაკის ფილების დემონტაჟი', 'დაზიანებული მდფ -ს კარის ბლოკის დემონტაჟი', 'დაზიანებული მემბრანა ტოლის დემონტაჟი სახურავზე', 'დაზიანებული მინაპაკეტის დემონტაჟი', 'დაზიანებული პარკეტის დემონტაჟი', 'დაზიანებული პარკეტის ზედაპირის გასუფთავება (მოხვეწა)', 'დაზიანებული ჟოლობის აღდგენა', 'დაზიანებული ჟოლობის დემონტაჟი', 'დაზიანებული ფენილის გასუფთავება ფასადზე', 'დაზიანებული შეკიდული ჭერი (პლასტიკატი)', 'დაზიანებული შპალერის მოხსნა', 'დაზიანებული ჭერის ფენილის გასუფთავება', 'კაფელის დაზიანებული პირაპირების აწმენდა (ფუგა)', 'კედლის დამუშავება/შეღებვა', 'კედლის ლესვა', 'კედლის ნალესის დემონტაჟი', 'კედლის პროფილი F', 'მდფ-ის დაზიანებული ნაწილების დემონტაჟი', 'სენდვიჩ პანელის კედლის - ჭერის  ნაწილობრივი აღდგენა', 'სენდვიჩ პანელის კედლის - ჭერის  ნაწილობრივი დემონტაჟი', 'სენდვიჩ პანელის კედლის ფილა']"
დაზიანებული ელექტროობის დემონტაჟი,"['აგურის კედლის დემონტაჟი', 'აზბესტის სახურავის დემონტაჟი (შიფერი)', 'ალუკაბონდის დემონტაჟი', 'ალუკაბონდის კონსტრუქციის დემონტაჟი', 'ბეტონის დემონტაჟი', 'ბლოკის კედლის დემონტაჟი', 'დაზიანებული არმსტრონგის ფილების დემონტაჟი', 'დაზიანებული ბარისოლის საფარის დემონტაჟი', 'დაზიანებული ვიტრაჟული კარის/ფანჯრის დემონტაჟი', 'დაზიანებული თაბ.მუყ. ჭერის/კედლის საფარის დემონტაჟი', 'დაზიანებული თბ.მუყ. ტიხრის დემონტაჟი', 'დაზიანებული თუნუქის სახურავის დემონტაჟი', 'დაზიანებული იატაკის პლინტუსების დემონტაჟი', 'დაზიანებული კაფელ-მეტლახის დემონტაჟი სააბაზანოში', 'დაზიანებული კედლის ფენილების გასუფთავება', 'დაზიანებული ლამინირებული იატაკის ფილების დემონტაჟი', 'დაზიანებული მდფ -ს კარის ბლოკის დემონტაჟი', 'დაზიანებული მემბრანა ტოლის დემონტაჟი სახურავზე', 'დაზიანებული მინაპაკეტის დემონტაჟი', 'დაზიანებული პარკეტის დემონტაჟი', 'დაზიანებული პარკეტის ზედაპირის გასუფთავება (მოხვეწა)', 'დაზიანებული ჟოლობის აღდგენა', 'დაზიანებული ჟოლობის დემონტაჟი', 'დაზიანებული ფენილის გასუფთავება ფასადზე', 'დაზიანებული შეკიდული ჭერი (პლასტიკატი)', 'დაზიანებული შპალერის მოხსნა', 'დაზიანებული ჭერის ფენილის გასუფთავება', 'ელექტროობის ერთი წერტილის ფასი', 'ვინილის/ლინოლეუმის იატაკის დემონტაჟი', 'კაფელის დაზიანებული პირაპირების აწმენდა (ფუგა)', 'კედლის ნალესის დემონტაჟი', 'მდფ-ის ავეჯის სრული დემონტაჟი', 'მდფ-ის დაზიანებული ნაწილების დემონტაჟი', 'მოჭიმული იატაკის დემონტაჟი', 'ნარმის ჭერის დემონტაჟი', 'პოლიკარბონატის სახურავის დემონტაჟი', 'რბილი იტაკის დემონტაჟი', 'სარეკლამო მანათობელი ყუთის დემონტაჟი', 'სასაწყობე ელექტრო კარი ჟალუზის დემონტაჟი', 'სახურავზე კრამიტის ფილების დემონტაჟი', 'სენდვიჩ პანელის კედლის - ჭერის  ნაწილობრივი დემონტაჟი', 'შეღებილი ქაღალდის ჭერის/კედლის ფენილის დემონტაჟი', 'შინგლის/რბილი კრამიტის დემონტაჟი', 'ხის იატაკის დემონტაჟი', 'ხის ფანჯრის/კარის დემონტაჟი']"
კაფელის დაზიანებული პირაპირების აწმენდა (ფუგა),"['დაზიანებული არმსტრონგის ფილების დემონტაჟი', 'დაზიანებული ბარისოლის საფარის დემონტაჟი', 'დაზიანებული ელექტროობის დემონტაჟი', 'დაზიანებული ვიტრაჟული კარის/ფანჯრის დემონტაჟი', 'დაზიანებული თაბ.მუყ. ჭერის/კედლის საფარის დემონტაჟი', 'დაზიანებული თბ.მუყ. ტიხრის დემონტაჟი', 'დაზიანებული თუნუქის სახურავის დემონტაჟი', 'დაზიანებული იატაკის პლინტუსების დემონტაჟი', 'დაზიანებული კაფელ-მეტლახის დემონტაჟი სააბაზანოში', 'დაზიანებული კედლის ფენილების გასუფთავება', 'დაზიანებული ლამინირებული იატაკის ფილების დემონტაჟი', 'დაზიანებული მდფ -ს კარის ბლოკის დემონტაჟი', 'დაზიანებული მემბრანა ტოლის დემონტაჟი სახურავზე', 'დაზიანებული მინაპაკეტის დემონტაჟი', 'დაზიანებული პარკეტის დემონტაჟი', 'დაზიანებული პარკეტის ზედაპირის გასუფთავება (მოხვეწა)', 'დაზიანებული ჟოლობის აღდგენა', 'დაზიანებული ჟოლობის დემონტაჟი', 'დაზიანებული ფენილის გასუფთავება ფასადზე', 'დაზიანებული შეკიდული ჭერი (პლასტიკატი)', 'დაზიანებული შპალერის მოხსნა', 'დაზიანებული ჭერის ფენილის გასუფთავება', 'კედელზე კაფელის ზედაპირის დამუშავება ფუგით  (სააბაზანოში)', 'მდფ-ის დაზიანებული ნაწილების დემონტაჟი', 'ფუგა']"
შეღებილი ქაღალდის ჭერის/კედლის ფენილის დემონტაჟი,"['აგურის კედლის დემონტაჟი', 'აზბესტის სახურავის დემონტაჟი (შიფერი)', 'ალუკაბონდის დემონტაჟი', 'ალუკაბონდის კონსტრუქციის დემონტაჟი', 'ბეტონის დემონტაჟი', 'ბლოკის კედლის დემონტაჟი', 'დაზიანებული არმსტრონგის ფილების დემონტაჟი', 'დაზიანებული ბარისოლის საფარის დემონტაჟი', 'დაზიანებული ელექტროობის დემონტაჟი', 'დაზიანებული ვიტრაჟული კარის/ფანჯრის დემონტაჟი', 'დაზიანებული თაბ.მუყ. ჭერის/კედლის საფარის დემონტაჟი', 'დაზიანებული თბ.მუყ. ტიხრის დემონტაჟი', 'დაზიანებული თუნუქის სახურავის დემონტაჟი', 'დაზიანებული იატაკის პლინტუსების დემონტაჟი', 'დაზიანებული კაფელ-მეტლახის დემონტაჟი სააბაზანოში', 'დაზიანებული ლამინირებული იატაკის ფილების დემონტაჟი', 'დაზიანებული მდფ -ს კარის ბლოკის დემონტაჟი', 'დაზიანებული მემბრანა ტოლის დემონტაჟი სახურავზე', 'დაზიანებული მინაპაკეტის დემონტაჟი', 'დაზიანებული პარკეტის დემონტაჟი', 'დაზიანებული ჟოლობის დემონტაჟი', 'დაზიანებული ფენილის გასუფთავება ფასადზე', 'დაზიანებული ჭერის ფენილის გასუფთავება', 'ვინილის/ლინოლეუმის იატაკის დემონტაჟი', 'თაბ.მუყ. ჭერის/კედლის აღდგენა', 'კედლის ნალესის დემონტაჟი', 'მდფ-ის ავეჯის სრული დემონტაჟი', 'მდფ-ის დაზიანებული ნაწილების დემონტაჟი', 'მოჭიმული იატაკის დემონტაჟი', 'ნარმის ჭერის დემონტაჟი', 'პოლიკარბონატის სახურავის დემონტაჟი', 'რბილი იტაკის დემონტაჟი', 'სარეკლამო მანათობელი ყუთის დემონტაჟი', 'სასაწყობე ელექტრო კარი ჟალუზის დემონტაჟი', 'სახურავზე კრამიტის ფილების დემონტაჟი', 'სენდვიჩ პანელის კედლის - ჭერის  ნაწილობრივი დემონტაჟი', 'შეღებილი ქაღალდის ჭერის/კედლის ფენილის აღდგენა', 'შინგლის/რბილი კრამიტის დემონტაჟი', 'ხის იატაკის დემონტაჟი', 'ხის ფანჯრის/კარის დემონტაჟი']"
ნარმის ჭერის დემონტაჟი,"['აგურის კედლის დემონტაჟი', 'აზბესტის სახურავის დემონტაჟი (შიფერი)', 'ალუკაბონდის დემონტაჟი', 'ალუკაბონდის კონსტრუქციის დემონტაჟი', 'არმსტრონგის (ნესტგამძლე) შეკიდული ჭერის მოწყობა', 'არმსტრონგის ჭერის კარკასი დეტალებით', 'ბეტონის დემონტაჟი', 'ბლოკის კედლის დემონტაჟი', 'გასაჭიმი ჭერის რულონი', 'დაზიანებული არმსტრონგის ფილების დემონტაჟი', 'დაზიანებული ბარისოლის საფარის დემონტაჟი', 'დაზიანებული ელექტროობის დემონტაჟი', 'დაზიანებული ვიტრაჟული კარის/ფანჯრის დემონტაჟი', 'დაზიანებული თაბ.მუყ. ჭერის/კედლის საფარის დემონტაჟი', 'დაზიანებული თბ.მუყ. ტიხრის დემონტაჟი', 'დაზიანებული თუნუქის სახურავის დემონტაჟი', 'დაზიანებული იატაკის პლინტუსების დემონტაჟი', 'დაზიანებული კაფელ-მეტლახის დემონტაჟი სააბაზანოში', 'დაზიანებული ლამინირებული იატაკის ფილების დემონტაჟი', 'დაზიანებული მდფ -ს კარის ბლოკის დემონტაჟი', 'დაზიანებული მემბრანა ტოლის დემონტაჟი სახურავზე', 'დაზიანებული მინაპაკეტის დემონტაჟი', 'დაზიანებული პარკეტის დემონტაჟი', 'დაზიანებული ჟოლობის დემონტაჟი', 'დაზიანებული ჭერის ფენილის გასუფთავება', 'ვინილის/ლინოლეუმის იატაკის დემონტაჟი', 'კედლის ნალესის დემონტაჟი', 'მდფ-ის ავეჯის სრული დემონტაჟი', 'მდფ-ის დაზიანებული ნაწილების დემონტაჟი', 'მოჭიმული იატაკის დემონტაჟი', 'ნარმას ჭერის აღდგენა (ბიაზი)', 'პოლიკარბონატის სახურავის დემონტაჟი', 'რბილი იტაკის დემონტაჟი', 'სარეკლამო მანათობელი ყუთის დემონტაჟი', 'სასაწყობე ელექტრო კარი ჟალუზის დემონტაჟი', 'სახურავზე კრამიტის ფილების დემონტაჟი', 'სენდვიჩ პანელის კედლის - ჭერის  ნაწილობრივი აღდგენა', 'სენდვიჩ პანელის კედლის - ჭერის  ნაწილობრივი დემონტაჟი', 'შეკიდული ჭერის Pპროფილი', 'შეკიდული ჭერის ნათურა, დღის ნათებით', 'შეღებილი ქაღალდის ჭერის/კედლის ფენილის დემონტაჟი', 'შინგლის/რბილი კრამიტის დემონტაჟი', 'ჭერის დამუშავება/შეღებვა', 'ჭერის პროფილი, გამჭედი დუბელი და სხვ. მასალები 1მ²', 'ჭერის პროფილი, საკიდები, გამჭედი დუბელი და სხვ. მასალები 1მ²', 'ჭერის სამონტაჟო პროფილები', 'ხის იატაკის დემონტაჟი', 'ხის ფანჯრის/კარის დემონტაჟი']"
დაზიანებული თბ.მუყ. ტიხრის დემონტაჟი,"['აგურის კედლის დემონტაჟი', 'აზბესტის სახურავის დემონტაჟი (შიფერი)', 'ალუკაბონდის დემონტაჟი', 'ალუკაბონდის კონსტრუქციის დემონტაჟი', 'ბეტონის დემონტაჟი', 'ბლოკის კედლის დემონტაჟი', 'დაზიანებული არმსტრონგის ფილების დემონტაჟი', 'დაზიანებული ბარისოლის საფარის დემონტაჟი', 'დაზიანებული ელექტროობის დემონტაჟი', 'დაზიანებული ვიტრაჟული კარის/ფანჯრის დემონტაჟი', 'დაზიანებული თაბ.მუყ. ჭერის/კედლის საფარის დემონტაჟი', 'დაზიანებული თუნუქის სახურავის დემონტაჟი', 'დაზიანებული იატაკის პლინტუსების დემონტაჟი', 'დაზიანებული კაფელ-მეტლახის დემონტაჟი სააბაზანოში', 'დაზიანებული კედლის ფენილების გასუფთავება', 'დაზიანებული ლამინირებული იატაკის ფილების დემონტაჟი', 'დაზიანებული მდფ -ს კარის ბლოკის დემონტაჟი', 'დაზიანებული მემბრანა ტოლის დემონტაჟი სახურავზე', 'დაზიანებული მინაპაკეტის დემონტაჟი', 'დაზიანებული პარკეტის დემონტაჟი', 'დაზიანებული პარკეტის ზედაპირის გასუფთავება (მოხვეწა)', 'დაზიანებული ჟოლობის აღდგენა', 'დაზიანებული ჟოლობის დემონტაჟი', 'დაზიანებული ფენილის გასუფთავება ფასადზე', 'დაზიანებული შეკიდული ჭერი (პლასტიკატი)', 'დაზიანებული შპალერის მოხსნა', 'დაზიანებული ჭერის ფენილის გასუფთავება', 'ვინილის/ლინოლეუმის იატაკის დემონტაჟი', 'თაბ.მუყ. ტიხრის აღდგენა', 'კაფელის დაზიანებული პირაპირების აწმენდა (ფუგა)', 'კედლის ნალესის დემონტაჟი', 'მდფ-ის ავეჯის სრული დემონტაჟი', 'მდფ-ის დაზიანებული ნაწილების დემონტაჟი', 'მოჭიმული იატაკის დემონტაჟი', 'ნარმის ჭერის დემონტაჟი', 'პოლიკარბონატის სახურავის დემონტაჟი', 'რბილი იტაკის დემონტაჟი', 'სარეკლამო მანათობელი ყუთის დემონტაჟი', 'სასაწყობე ელექტრო კარი ჟალუზის დემონტაჟი', 'სახურავზე კრამიტის ფილების დემონტაჟი', 'სენდვიჩ პანელის კედლის - ჭერის  ნაწილობრივი დემონტაჟი', 'შეღებილი ქაღალდის ჭერის/კედლის ფენილის დემონტაჟი', 'შინგლის/რბილი კრამიტის დემონტაჟი', 'ხის იატაკის დემონტაჟი', 'ხის ფანჯრის/კარის დემონტაჟი']"
დაზიანებული შეკიდული ჭერი (პლასტიკატი),"['არმსტრონგის (ნესტგამძლე) შეკიდული ჭერის მოწყობა', 'არმსტრონგის ჭერი', 'დაზიანებული არმსტრონგის ფილების დემონტაჟი', 'დაზიანებული ბარისოლის საფარის დემონტაჟი', 'დაზიანებული ელექტროობის დემონტაჟი', 'დაზიანებული ვიტრაჟული კარის/ფანჯრის დემონტაჟი', 'დაზიანებული თაბ.მუყ. ჭერის/კედლის საფარის დემონტაჟი', 'დაზიანებული თბ.მუყ. ტიხრის დემონტაჟი', 'დაზიანებული თუნუქის სახურავის დემონტაჟი', 'დაზიანებული იატაკის პლინტუსების დემონტაჟი', 'დაზიანებული კაფელ-მეტლახის დემონტაჟი სააბაზანოში', 'დაზიანებული კედლის ფენილების გასუფთავება', 'დაზიანებული ლამინირებული იატაკის ფილების დემონტაჟი', 'დაზიანებული მდფ -ს კარის ბლოკის დემონტაჟი', 'დაზიანებული მემბრანა ტოლის დემონტაჟი სახურავზე', 'დაზიანებული მინაპაკეტის დემონტაჟი', 'დაზიანებული პარკეტის დემონტაჟი', 'დაზიანებული პარკეტის ზედაპირის გასუფთავება (მოხვეწა)', 'დაზიანებული ჟოლობის აღდგენა', 'დაზიანებული ჟოლობის დემონტაჟი', 'დაზიანებული ფენილის გასუფთავება ფასადზე', 'დაზიანებული შპალერის მოხსნა', 'დაზიანებული ჭერის ფენილის გასუფთავება', 'კაფელის დაზიანებული პირაპირების აწმენდა (ფუგა)', 'მდფ-ის დაზიანებული ნაწილების დემონტაჟი', 'შეკიდული ჭერი პლასტიკატი', 'შეკიდული ჭერის Pპროფილი', 'შეკიდული ჭერის ნათურა, დღის ნათებით']"
დაზიანებული ბარისოლის საფარის დემონტაჟი,"['აგურის კედლის დემონტაჟი', 'აზბესტის სახურავის დემონტაჟი (შიფერი)', 'ალუკაბონდის დემონტაჟი', 'ალუკაბონდის კონსტრუქციის დემონტაჟი', 'ბარისოლის მოწყობა', 'ბეტონის დემონტაჟი', 'ბლოკის კედლის დემონტაჟი', 'დაზიანებული არმსტრონგის ფილების დემონტაჟი', 'დაზიანებული ელექტროობის დემონტაჟი', 'დაზიანებული ვიტრაჟული კარის/ფანჯრის დემონტაჟი', 'დაზიანებული თაბ.მუყ. ჭერის/კედლის საფარის დემონტაჟი', 'დაზიანებული თბ.მუყ. ტიხრის დემონტაჟი', 'დაზიანებული თუნუქის სახურავის დემონტაჟი', 'დაზიანებული იატაკის პლინტუსების დემონტაჟი', 'დაზიანებული კაფელ-მეტლახის დემონტაჟი სააბაზანოში', 'დაზიანებული კედლის ფენილების გასუფთავება', 'დაზიანებული ლამინირებული იატაკის ფილების დემონტაჟი', 'დაზიანებული მდფ -ს კარის ბლოკის დემონტაჟი', 'დაზიანებული მემბრანა ტოლის დემონტაჟი სახურავზე', 'დაზიანებული მინაპაკეტის დემონტაჟი', 'დაზიანებული პარკეტის დემონტაჟი', 'დაზიანებული პარკეტის ზედაპირის გასუფთავება (მოხვეწა)', 'დაზიანებული ჟოლობის აღდგენა', 'დაზიანებული ჟოლობის დემონტაჟი', 'დაზიანებული ფენილის გასუფთავება ფასადზე', 'დაზიანებული შეკიდული ჭერი (პლასტიკატი)', 'დაზიანებული შპალერის მოხსნა', 'დაზიანებული ჭერის ფენილის გასუფთავება', 'ვინილის/ლინოლეუმის იატაკის დემონტაჟი', 'კაფელის დაზიანებული პირაპირების აწმენდა (ფუგა)', 'კედლის ნალესის დემონტაჟი', 'მდფ-ის ავეჯის სრული დემონტაჟი', 'მდფ-ის დაზიანებული ნაწილების დემონტაჟი', 'მოჭიმული იატაკის დემონტაჟი', 'ნარმის ჭერის დემონტაჟი', 'პოლიკარბონატის სახურავის დემონტაჟი', 'რბილი იტაკის დემონტაჟი', 'სარეკლამო მანათობელი ყუთის დემონტაჟი', 'სასაწყობე ელექტრო კარი ჟალუზის დემონტაჟი', 'სახურავზე კრამიტის ფილების დემონტაჟი', 'სენდვიჩ პანელის კედლის - ჭერის  ნაწილობრივი დემონტაჟი', 'შეღებილი ქაღალდის ჭერის/კედლის ფენილის დემონტაჟი', 'შინგლის/რბილი კრამიტის დემონტაჟი', 'ხის იატაკის დემონტაჟი', 'ხის ფანჯრის/კარის დემონტაჟი']"
დაზიანებული მინაპაკეტის დემონტაჟი,"['აგურის კედლის დემონტაჟი', 'აზბესტის სახურავის დემონტაჟი (შიფერი)', 'ალუკაბონდის დემონტაჟი', 'ალუკაბონდის კონსტრუქციის დემონტაჟი', 'ბეტონის დემონტაჟი', 'ბლოკის კედლის დემონტაჟი', 'დაზიანებული არმსტრონგის ფილების დემონტაჟი', 'დაზიანებული ბარისოლის საფარის დემონტაჟი', 'დაზიანებული ელექტროობის დემონტაჟი', 'დაზიანებული ვიტრაჟული კარის/ფანჯრის დემონტაჟი', 'დაზიანებული თაბ.მუყ. ჭერის/კედლის საფარის დემონტაჟი', 'დაზიანებული თბ.მუყ. ტიხრის დემონტაჟი', 'დაზიანებული თუნუქის სახურავის დემონტაჟი', 'დაზიანებული იატაკის პლინტუსების დემონტაჟი', 'დაზიანებული კაფელ-მეტლახის დემონტაჟი სააბაზანოში', 'დაზიანებული კედლის ფენილების გასუფთავება', 'დაზიანებული ლამინირებული იატაკის ფილების დემონტაჟი', 'დაზიანებული მდფ -ს კარის ბლოკის დემონტაჟი', 'დაზიანებული მემბრანა ტოლის დემონტაჟი სახურავზე', 'დაზიანებული პარკეტის დემონტაჟი', 'დაზიანებული პარკეტის ზედაპირის გასუფთავება (მოხვეწა)', 'დაზიანებული ჟოლობის აღდგენა', 'დაზიანებული ჟოლობის დემონტაჟი', 'დაზიანებული ფენილის გასუფთავება ფასადზე', 'დაზიანებული შეკიდული ჭერი (პლასტიკატი)', 'დაზიანებული შპალერის მოხსნა', 'დაზიანებული ჭერის ფენილის გასუფთავება', 'ვინილის/ლინოლეუმის იატაკის დემონტაჟი', 'კაფელის დაზიანებული პირაპირების აწმენდა (ფუგა)', 'კედლის ნალესის დემონტაჟი', 'მდფ-ის ავეჯის სრული დემონტაჟი', 'მდფ-ის დაზიანებული ნაწილების დემონტაჟი', 'მინაპაკეტის ჩანაცვლება', 'მოჭიმული იატაკის დემონტაჟი', 'ნარმის ჭერის დემონტაჟი', 'პოლიკარბონატის სახურავის დემონტაჟი', 'რბილი იტაკის დემონტაჟი', 'სარეკლამო მანათობელი ყუთის დემონტაჟი', 'სასაწყობე ელექტრო კარი ჟალუზის დემონტაჟი', 'სახურავზე კრამიტის ფილების დემონტაჟი', 'სენდვიჩ პანელის კედლის - ჭერის  ნაწილობრივი დემონტაჟი', 'შეღებილი ქაღალდის ჭერის/კედლის ფენილის დემონტაჟი', 'შინგლის/რბილი კრამიტის დემონტაჟი', 'ხის იატაკის დემონტაჟი', 'ხის ფანჯრის/კარის დემონტაჟი']"
დაზიანებული თუნუქის სახურავის დემონტაჟი,"['აგურის კედლის დემონტაჟი', 'აზბესტის სახურავის დემონტაჟი (შიფერი)', 'აზბესტის სახურავის მოწყობა (შიფერი)', 'ალუკაბონდის დემონტაჟი', 'ალუკაბონდის კონსტრუქციის დემონტაჟი', 'ბეტონის დემონტაჟი', 'ბლოკის კედლის დემონტაჟი', 'დაზიანებული არმსტრონგის ფილების დემონტაჟი', 'დაზიანებული ბარისოლის საფარის დემონტაჟი', 'დაზიანებული ელექტროობის დემონტაჟი', 'დაზიანებული ვიტრაჟული კარის/ფანჯრის დემონტაჟი', 'დაზიანებული თაბ.მუყ. ჭერის/კედლის საფარის დემონტაჟი', 'დაზიანებული თბ.მუყ. ტიხრის დემონტაჟი', 'დაზიანებული იატაკის პლინტუსების დემონტაჟი', 'დაზიანებული კაფელ-მეტლახის დემონტაჟი სააბაზანოში', 'დაზიანებული კედლის ფენილების გასუფთავება', 'დაზიანებული ლამინირებული იატაკის ფილების დემონტაჟი', 'დაზიანებული მდფ -ს კარის ბლოკის დემონტაჟი', 'დაზიანებული მემბრანა ტოლის დემონტაჟი სახურავზე', 'დაზიანებული მინაპაკეტის დემონტაჟი', 'დაზიანებული პარკეტის დემონტაჟი', 'დაზიანებული პარკეტის ზედაპირის გასუფთავება (მოხვეწა)', 'დაზიანებული ჟოლობის აღდგენა', 'დაზიანებული ჟოლობის დემონტაჟი', 'დაზიანებული ფენილის გასუფთავება ფასადზე', 'დაზიანებული შეკიდული ჭერი (პლასტიკატი)', 'დაზიანებული შპალერის მოხსნა', 'დაზიანებული ჭერის ფენილის გასუფთავება', 'ვინილის/ლინოლეუმის იატაკის დემონტაჟი', 'თუნუქის ჟოლობის მუხლი', 'თუნუქის ჟოლობის ღარი', 'თუნუქის სახურავის მოწყობა', 'თუნუქის ღარის სამაგრი', 'თუნუქის ღარის ძაბრი', 'კაფელის დაზიანებული პირაპირების აწმენდა (ფუგა)', 'კედლის ნალესის დემონტაჟი', 'მდფ-ის ავეჯის სრული დემონტაჟი', 'მდფ-ის დაზიანებული ნაწილების დემონტაჟი', 'მოჭიმული იატაკის დემონტაჟი', 'ნარმის ჭერის დემონტაჟი', 'პოლიკარბონატის სახურავის დემონტაჟი', 'პოლიკარბონატის სახურავის მოწყობა', 'პროფილირებული თუნუქის ფილა', 'რბილი იტაკის დემონტაჟი', 'სარეკლამო მანათობელი ყუთის დემონტაჟი', 'სასაწყობე ელექტრო კარი ჟალუზის დემონტაჟი', 'სახურავზე კრამიტის ფილების დემონტაჟი', 'სენდვიჩ პანელის კედლის - ჭერის  ნაწილობრივი დემონტაჟი', 'სენდვიჩ პანელის სახურავის გადაბმების დამუშავება გერმეტიკით.', 'სენდვიჩ პანელის სახურავის ფილა', 'შეღებილი ქაღალდის ჭერის/კედლის ფენილის დემონტაჟი', 'შინგლის/რბილი კრამიტის დემონტაჟი', 'ხის იატაკის დემონტაჟი', 'ხის ფანჯრის/კარის დემონტაჟი']"
დაზიანებული არმსტრონგის ფილების დემონტაჟი,"['აგურის კედლის დემონტაჟი', 'აზბესტის სახურავის დემონტაჟი (შიფერი)', 'ალუკაბონდის დემონტაჟი', 'ალუკაბონდის კონსტრუქციის დემონტაჟი', 'არმსტრონგის (ნესტგამძლე) შეკიდული ჭერის მოწყობა', 'არმსტრონგის ჭერი', 'არმსტრონგის ჭერის კარკასი დეტალებით', 'ბეტონის დემონტაჟი', 'ბლოკის კედლის დემონტაჟი', 'დაზიანებული ბარისოლის საფარის დემონტაჟი', 'დაზიანებული ელექტროობის დემონტაჟი', 'დაზიანებული ვიტრაჟული კარის/ფანჯრის დემონტაჟი', 'დაზიანებული თაბ.მუყ. ჭერის/კედლის საფარის დემონტაჟი', 'დაზიანებული თბ.მუყ. ტიხრის დემონტაჟი', 'დაზიანებული თუნუქის სახურავის დემონტაჟი', 'დაზიანებული იატაკის პლინტუსების დემონტაჟი', 'დაზიანებული კაფელ-მეტლახის დემონტაჟი სააბაზანოში', 'დაზიანებული კედლის ფენილების გასუფთავება', 'დაზიანებული ლამინირებული იატაკის ფილების დემონტაჟი', 'დაზიანებული მდფ -ს კარის ბლოკის დემონტაჟი', 'დაზიანებული მემბრანა ტოლის დემონტაჟი სახურავზე', 'დაზიანებული მინაპაკეტის დემონტაჟი', 'დაზიანებული პარკეტის დემონტაჟი', 'დაზიანებული პარკეტის ზედაპირის გასუფთავება (მოხვეწა)', 'დაზიანებული ჟოლობის აღდგენა', 'დაზიანებული ჟოლობის დემონტაჟი', 'დაზიანებული ფენილის გასუფთავება ფასადზე', 'დაზიანებული შეკიდული ჭერი (პლასტიკატი)', 'დაზიანებული შპალერის მოხსნა', 'დაზიანებული ჭერის ფენილის გასუფთავება', 'ვინილის/ლინოლეუმის იატაკის დემონტაჟი', 'კაფელის დაზიანებული პირაპირების აწმენდა (ფუგა)', 'კედლის ნალესის დემონტაჟი', 'მდფ-ის ავეჯის სრული დემონტაჟი', 'მდფ-ის დაზიანებული ნაწილების დემონტაჟი', 'მოჭიმული იატაკის დემონტაჟი', 'ნარმის ჭერის დემონტაჟი', 'პოლიკარბონატის სახურავის დემონტაჟი', 'რბილი იტაკის დემონტაჟი', 'სარეკლამო მანათობელი ყუთის დემონტაჟი', 'სასაწყობე ელექტრო კარი ჟალუზის დემონტაჟი', 'სახურავზე კრამიტის ფილების დემონტაჟი', 'სახურავზე კრამიტის ფილების მოწყობა', 'სენდვიჩ პანელის კედლის - ჭერის  ნაწილობრივი დემონტაჟი', 'ფილების სამონტაჟო პლასტიკატის დეტალები', 'შეღებილი ქაღალდის ჭერის/კედლის ფენილის დემონტაჟი', 'შინგლის/რბილი კრამიტის დემონტაჟი', 'ხის იატაკის დემონტაჟი', 'ხის ფანჯრის/კარის დემონტაჟი']"
დაზიანებული ვიტრაჟული კარის/ფანჯრის დემონტაჟი,"['(მეტალო, ალდოქსი, იზოპროფილი) ვიტრაჟული კარის ჩანაცვლება (ორ ფრთიანი)', 'აგურის კედლის დემონტაჟი', 'აზბესტის სახურავის დემონტაჟი (შიფერი)', 'ალუკაბონდის დემონტაჟი', 'ალუკაბონდის კონსტრუქციის დემონტაჟი', 'ბეტონის დემონტაჟი', 'ბლოკის კედლის დემონტაჟი', 'დაზიანებული არმსტრონგის ფილების დემონტაჟი', 'დაზიანებული ბარისოლის საფარის დემონტაჟი', 'დაზიანებული ელექტროობის დემონტაჟი', 'დაზიანებული თაბ.მუყ. ჭერის/კედლის საფარის დემონტაჟი', 'დაზიანებული თბ.მუყ. ტიხრის დემონტაჟი', 'დაზიანებული თუნუქის სახურავის დემონტაჟი', 'დაზიანებული იატაკის პლინტუსების დემონტაჟი', 'დაზიანებული კაფელ-მეტლახის დემონტაჟი სააბაზანოში', 'დაზიანებული კედლის ფენილების გასუფთავება', 'დაზიანებული ლამინირებული იატაკის ფილების დემონტაჟი', 'დაზიანებული მდფ -ს კარის ბლოკის დემონტაჟი', 'დაზიანებული მემბრანა ტოლის დემონტაჟი სახურავზე', 'დაზიანებული მინაპაკეტის დემონტაჟი', 'დაზიანებული პარკეტის დემონტაჟი', 'დაზიანებული პარკეტის ზედაპირის გასუფთავება (მოხვეწა)', 'დაზიანებული ჟოლობის აღდგენა', 'დაზიანებული ჟოლობის დემონტაჟი', 'დაზიანებული ფენილის გასუფთავება ფასადზე', 'დაზიანებული შეკიდული ჭერი (პლასტიკატი)', 'დაზიანებული შპალერის მოხსნა', 'დაზიანებული ჭერის ფენილის გასუფთავება', 'ვინილის/ლინოლეუმის იატაკის დემონტაჟი', 'კაფელის დაზიანებული პირაპირების აწმენდა (ფუგა)', 'კედლის ნალესის დემონტაჟი', 'მდფ-ის ავეჯის სრული დემონტაჟი', 'მდფ-ის დაზიანებული ნაწილების დემონტაჟი', 'მოჭიმული იატაკის დემონტაჟი', 'ნარმის ჭერის დემონტაჟი', 'პოლიკარბონატის სახურავის დემონტაჟი', 'რბილი იტაკის დემონტაჟი', 'სარეკლამო მანათობელი ყუთის დემონტაჟი', 'სასაწყობე ელექტრო კარი ჟალუზის დემონტაჟი', 'სახურავზე კრამიტის ფილების დემონტაჟი', 'სენდვიჩ პანელის კედლის - ჭერის  ნაწილობრივი დემონტაჟი', 'შეღებილი ქაღალდის ჭერის/კედლის ფენილის დემონტაჟი', 'შინგლის/რბილი კრამიტის დემონტაჟი', 'ხის იატაკის დემონტაჟი', 'ხის ფანჯრის/კარის დემონტაჟი']"
დაზიანებული მდფ -ს კარის ბლოკის დემონტაჟი,"['(მეტალო, ალდოქსი, იზოპროფილი) ვიტრაჟული კარის ჩანაცვლება (ორ ფრთიანი)', 'აგურის კედლის დემონტაჟი', 'აზბესტის სახურავის დემონტაჟი (შიფერი)', 'ალუკაბონდის დემონტაჟი', 'ალუკაბონდის კონსტრუქციის დემონტაჟი', 'ახალი მდფ-ის  კარის ბლოკის მონტაჟი', 'ბეტონის დემონტაჟი', 'ბლოკის კედლის ამოშენება', 'ბლოკის კედლის დემონტაჟი', 'დაზიანებული არმსტრონგის ფილების დემონტაჟი', 'დაზიანებული ბარისოლის საფარის დემონტაჟი', 'დაზიანებული ელექტროობის დემონტაჟი', 'დაზიანებული ვიტრაჟული კარის/ფანჯრის დემონტაჟი', 'დაზიანებული თაბ.მუყ. ჭერის/კედლის საფარის დემონტაჟი', 'დაზიანებული თბ.მუყ. ტიხრის დემონტაჟი', 'დაზიანებული თუნუქის სახურავის დემონტაჟი', 'დაზიანებული იატაკის პლინტუსების დემონტაჟი', 'დაზიანებული კაფელ-მეტლახის დემონტაჟი სააბაზანოში', 'დაზიანებული კედლის ფენილების გასუფთავება', 'დაზიანებული ლამინირებული იატაკის ფილების დემონტაჟი', 'დაზიანებული მემბრანა ტოლის დემონტაჟი სახურავზე', 'დაზიანებული მინაპაკეტის დემონტაჟი', 'დაზიანებული პარკეტის დემონტაჟი', 'დაზიანებული პარკეტის ზედაპირის გასუფთავება (მოხვეწა)', 'დაზიანებული ჟოლობის აღდგენა', 'დაზიანებული ჟოლობის დემონტაჟი', 'დაზიანებული ფენილის გასუფთავება ფასადზე', 'დაზიანებული შეკიდული ჭერი (პლასტიკატი)', 'დაზიანებული შპალერის მოხსნა', 'დაზიანებული ჭერის ფენილის გასუფთავება', 'ვინილის/ლინოლეუმის იატაკის დემონტაჟი', 'კარის ბლოკი', 'კაფელის დაზიანებული პირაპირების აწმენდა (ფუგა)', 'კედლის ნალესის დემონტაჟი', 'მდფ-ის ავეჯის სრული დემონტაჟი', 'მდფ-ის დაზიანებული ნაწილების დემონტაჟი', 'მდფ-ის ფილა (2,88X1,2)', 'მდფ-ის ფილა (2,88X1,2) დაჭრა/დაწიბოება', 'მოჭიმული იატაკის დემონტაჟი', 'ნარმის ჭერის დემონტაჟი', 'პლინტუსი მდფ-ის', 'პოლიკარბონატის სახურავის დემონტაჟი', 'რბილი იტაკის დემონტაჟი', 'სარეკლამო მანათობელი ყუთის დემონტაჟი', 'სასაწყობე ელექტრო კარი ჟალუზის დემონტაჟი', 'სახურავზე კრამიტის ფილების დემონტაჟი', 'სენდვიჩ პანელის კედლის - ჭერის  ნაწილობრივი დემონტაჟი', 'შეღებილი ქაღალდის ჭერის/კედლის ფენილის დემონტაჟი', 'შინგლის/რბილი კრამიტის დემონტაჟი', 'ხის იატაკის დემონტაჟი', 'ხის ფანჯრის/კარის დემონტაჟი']"
ბლოკის კედლის დემონტაჟი,"['აგურის კედლის ამოშენება', 'აგურის კედლის დემონტაჟი', 'აზბესტის სახურავის დემონტაჟი (შიფერი)', 'ალუკაბონდის დემონტაჟი', 'ალუკაბონდის კონსტრუქციის დემონტაჟი', 'ახალი მდფ-ის  კარის ბლოკის მონტაჟი', 'ბეტონის დემონტაჟი', 'ბლოკის კედლის ამოშენება', 'დაზიანებული არმსტრონგის ფილების დემონტაჟი', 'დაზიანებული ბარისოლის საფარის დემონტაჟი', 'დაზიანებული ელექტროობის დემონტაჟი', 'დაზიანებული ვიტრაჟული კარის/ფანჯრის დემონტაჟი', 'დაზიანებული თაბ.მუყ. ჭერის/კედლის საფარის დემონტაჟი', 'დაზიანებული თბ.მუყ. ტიხრის დემონტაჟი', 'დაზიანებული თუნუქის სახურავის დემონტაჟი', 'დაზიანებული იატაკის პლინტუსების დემონტაჟი', 'დაზიანებული კაფელ-მეტლახის დემონტაჟი სააბაზანოში', 'დაზიანებული კედლის ფენილების გასუფთავება', 'დაზიანებული ლამინირებული იატაკის ფილების დემონტაჟი', 'დაზიანებული მდფ -ს კარის ბლოკის დემონტაჟი', 'დაზიანებული მემბრანა ტოლის დემონტაჟი სახურავზე', 'დაზიანებული მინაპაკეტის დემონტაჟი', 'დაზიანებული პარკეტის დემონტაჟი', 'დაზიანებული ჟოლობის დემონტაჟი', 'ვინილის/ლინოლეუმის იატაკის დემონტაჟი', 'კედლის დამუშავება/შეღებვა', 'კედლის ლესვა', 'კედლის ნალესის დემონტაჟი', 'კედლის პროფილი F', 'მდფ-ის ავეჯის სრული დემონტაჟი', 'მდფ-ის დაზიანებული ნაწილების დემონტაჟი', 'მოჭიმული იატაკის დემონტაჟი', 'ნარმის ჭერის დემონტაჟი', 'პოლიკარბონატის სახურავის დემონტაჟი', 'რბილი იტაკის დემონტაჟი', 'სარეკლამო მანათობელი ყუთის დემონტაჟი', 'სასაწყობე ელექტრო კარი ჟალუზის დემონტაჟი', 'სახურავზე კრამიტის ფილების დემონტაჟი', 'სენდვიჩ პანელის კედლის - ჭერის  ნაწილობრივი აღდგენა', 'სენდვიჩ პანელის კედლის - ჭერის  ნაწილობრივი დემონტაჟი', 'სენდვიჩ პანელის კედლის ფილა', 'შეღებილი ქაღალდის ჭერის/კედლის ფენილის დემონტაჟი', 'შინგლის/რბილი კრამიტის დემონტაჟი', 'ხის იატაკის დემონტაჟი', 'ხის ფანჯრის/კარის დემონტაჟი']"
დაზიანებული ჟოლობის დემონტაჟი,"['აგურის კედლის დემონტაჟი', 'აზბესტის სახურავის დემონტაჟი (შიფერი)', 'ალუკაბონდის დემონტაჟი', 'ალუკაბონდის კონსტრუქციის დემონტაჟი', 'ბეტონის დემონტაჟი', 'ბლოკის კედლის დემონტაჟი', 'დაზიანებული არმსტრონგის ფილების დემონტაჟი', 'დაზიანებული ბარისოლის საფარის დემონტაჟი', 'დაზიანებული ელექტროობის დემონტაჟი', 'დაზიანებული ვიტრაჟული კარის/ფანჯრის დემონტაჟი', 'დაზიანებული თაბ.მუყ. ჭერის/კედლის საფარის დემონტაჟი', 'დაზიანებული თბ.მუყ. ტიხრის დემონტაჟი', 'დაზიანებული თუნუქის სახურავის დემონტაჟი', 'დაზიანებული იატაკის პლინტუსების დემონტაჟი', 'დაზიანებული კაფელ-მეტლახის დემონტაჟი სააბაზანოში', 'დაზიანებული კედლის ფენილების გასუფთავება', 'დაზიანებული ლამინირებული იატაკის ფილების დემონტაჟი', 'დაზიანებული მდფ -ს კარის ბლოკის დემონტაჟი', 'დაზიანებული მემბრანა ტოლის დემონტაჟი სახურავზე', 'დაზიანებული მინაპაკეტის დემონტაჟი', 'დაზიანებული პარკეტის დემონტაჟი', 'დაზიანებული პარკეტის ზედაპირის გასუფთავება (მოხვეწა)', 'დაზიანებული ჟოლობის აღდგენა', 'დაზიანებული ფენილის გასუფთავება ფასადზე', 'დაზიანებული შეკიდული ჭერი (პლასტიკატი)', 'დაზიანებული შპალერის მოხსნა', 'დაზიანებული ჭერის ფენილის გასუფთავება', 'ვინილის/ლინოლეუმის იატაკის დემონტაჟი', 'თუნუქის ჟოლობის მუხლი', 'თუნუქის ჟოლობის ღარი', 'კაფელის დაზიანებული პირაპირების აწმენდა (ფუგა)', 'კედლის ნალესის დემონტაჟი', 'მდფ-ის ავეჯის სრული დემონტაჟი', 'მდფ-ის დაზიანებული ნაწილების დემონტაჟი', 'მოჭიმული იატაკის დემონტაჟი', 'ნარმის ჭერის დემონტაჟი', 'პლასტმასის ჟოლობის მუხლი', 'პლასტმასის ჟოლობის ღარი', 'პოლიკარბონატის სახურავის დემონტაჟი', 'რბილი იტაკის დემონტაჟი', 'სარეკლამო მანათობელი ყუთის დემონტაჟი', 'სასაწყობე ელექტრო კარი ჟალუზის დემონტაჟი', 'სახურავზე კრამიტის ფილების დემონტაჟი', 'სენდვიჩ პანელის კედლის - ჭერის  ნაწილობრივი დემონტაჟი', 'შეღებილი ქაღალდის ჭერის/კედლის ფენილის დემონტაჟი', 'შინგლის/რბილი კრამიტის დემონტაჟი', 'ხის იატაკის დემონტაჟი', 'ხის ფანჯრის/კარის დემონტაჟი']"
დაზიანებული მემბრანა ტოლის დემონტაჟი სახურავზე,"['აგურის კედლის დემონტაჟი', 'აზბესტის სახურავის დემონტაჟი (შიფერი)', 'ალუკაბონდის დემონტაჟი', 'ალუკაბონდის კონსტრუქციის დემონტაჟი', 'ბეტონის დემონტაჟი', 'ბლოკის კედლის დემონტაჟი', 'დაზიანებული არმსტრონგის ფილების დემონტაჟი', 'დაზიანებული ბარისოლის საფარის დემონტაჟი', 'დაზიანებული ელექტროობის დემონტაჟი', 'დაზიანებული ვიტრაჟული კარის/ფანჯრის დემონტაჟი', 'დაზიანებული თაბ.მუყ. ჭერის/კედლის საფარის დემონტაჟი', 'დაზიანებული თბ.მუყ. ტიხრის დემონტაჟი', 'დაზიანებული თუნუქის სახურავის დემონტაჟი', 'დაზიანებული იატაკის პლინტუსების დემონტაჟი', 'დაზიანებული კაფელ-მეტლახის დემონტაჟი სააბაზანოში', 'დაზიანებული კედლის ფენილების გასუფთავება', 'დაზიანებული ლამინირებული იატაკის ფილების დემონტაჟი', 'დაზიანებული მდფ -ს კარის ბლოკის დემონტაჟი', 'დაზიანებული მინაპაკეტის დემონტაჟი', 'დაზიანებული პარკეტის დემონტაჟი', 'დაზიანებული პარკეტის ზედაპირის გასუფთავება (მოხვეწა)', 'დაზიანებული ჟოლობის აღდგენა', 'დაზიანებული ჟოლობის დემონტაჟი', 'დაზიანებული ფენილის გასუფთავება ფასადზე', 'დაზიანებული შეკიდული ჭერი (პლასტიკატი)', 'დაზიანებული შპალერის მოხსნა', 'დაზიანებული ჭერის ფენილის გასუფთავება', 'დიფუზიური მემბრანა', 'ვინილის/ლინოლეუმის იატაკის დემონტაჟი', 'კაფელის დაზიანებული პირაპირების აწმენდა (ფუგა)', 'კედლის ნალესის დემონტაჟი', 'მდფ-ის ავეჯის სრული დემონტაჟი', 'მდფ-ის დაზიანებული ნაწილების დემონტაჟი', 'მემბრანა ტოლი (ორი პირი)', 'მემბრანა ტოლის მოწყობა სახურავზე', 'მოჭიმული იატაკის დემონტაჟი', 'ნარმის ჭერის დემონტაჟი', 'პოლიკარბონატის სახურავის დემონტაჟი', 'რბილი იტაკის დემონტაჟი', 'სარეკლამო მანათობელი ყუთის დემონტაჟი', 'სასაწყობე ელექტრო კარი ჟალუზის დემონტაჟი', 'სახურავზე კრამიტის ფილების დემონტაჟი', 'სახურავზე კრამიტის ფილების მოწყობა', 'სენდვიჩ პანელის კედლის - ჭერის  ნაწილობრივი დემონტაჟი', 'შეღებილი ქაღალდის ჭერის/კედლის ფენილის დემონტაჟი', 'შინგლის/რბილი კრამიტის დემონტაჟი', 'ხის იატაკის დემონტაჟი', 'ხის ფანჯრის/კარის დემონტაჟი']"
სასაწყობე ელექტრო კარი ჟალუზის დემონტაჟი,"['აგურის კედლის დემონტაჟი', 'აზბესტის სახურავის დემონტაჟი (შიფერი)', 'ალუკაბონდის დემონტაჟი', 'ალუკაბონდის კონსტრუქციის დემონტაჟი', 'ბეტონის დემონტაჟი', 'ბლოკის კედლის დემონტაჟი', 'დაზიანებული არმსტრონგის ფილების დემონტაჟი', 'დაზიანებული ბარისოლის საფარის დემონტაჟი', 'დაზიანებული ელექტროობის დემონტაჟი', 'დაზიანებული ვიტრაჟული კარის/ფანჯრის დემონტაჟი', 'დაზიანებული თაბ.მუყ. ჭერის/კედლის საფარის დემონტაჟი', 'დაზიანებული თბ.მუყ. ტიხრის დემონტაჟი', 'დაზიანებული თუნუქის სახურავის დემონტაჟი', 'დაზიანებული იატაკის პლინტუსების დემონტაჟი', 'დაზიანებული კაფელ-მეტლახის დემონტაჟი სააბაზანოში', 'დაზიანებული ლამინირებული იატაკის ფილების დემონტაჟი', 'დაზიანებული მდფ -ს კარის ბლოკის დემონტაჟი', 'დაზიანებული მემბრანა ტოლის დემონტაჟი სახურავზე', 'დაზიანებული მინაპაკეტის დემონტაჟი', 'დაზიანებული პარკეტის დემონტაჟი', 'დაზიანებული ჟოლობის დემონტაჟი', 'ვინილის/ლინოლეუმის იატაკის დემონტაჟი', 'კედლის ნალესის დემონტაჟი', 'მდფ-ის ავეჯის სრული დემონტაჟი', 'მდფ-ის დაზიანებული ნაწილების დემონტაჟი', 'მოჭიმული იატაკის დემონტაჟი', 'ნარმის ჭერის დემონტაჟი', 'პოლიკარბონატის სახურავის დემონტაჟი', 'რბილი იტაკის დემონტაჟი', 'სარეკლამო მანათობელი ყუთის დემონტაჟი', 'სასაწყობე ელექტრო კარი ჟალუზის აღდგენა', 'სახურავზე კრამიტის ფილების დემონტაჟი', 'სენდვიჩ პანელის კედლის - ჭერის  ნაწილობრივი დემონტაჟი', 'შეღებილი ქაღალდის ჭერის/კედლის ფენილის დემონტაჟი', 'შინგლის/რბილი კრამიტის დემონტაჟი', 'ხის იატაკის დემონტაჟი', 'ხის კარი', 'ხის ფანჯრის/კარის დემონტაჟი']"
სახურავზე კრამიტის ფილების დემონტაჟი,"['აგურის კედლის დემონტაჟი', 'აზბესტის სახურავის დემონტაჟი (შიფერი)', 'ალუკაბონდის დემონტაჟი', 'ალუკაბონდის კონსტრუქციის დემონტაჟი', 'ბეტონის დემონტაჟი', 'ბლოკის კედლის დემონტაჟი', 'დაზიანებული არმსტრონგის ფილების დემონტაჟი', 'დაზიანებული ბარისოლის საფარის დემონტაჟი', 'დაზიანებული ელექტროობის დემონტაჟი', 'დაზიანებული ვიტრაჟული კარის/ფანჯრის დემონტაჟი', 'დაზიანებული თაბ.მუყ. ჭერის/კედლის საფარის დემონტაჟი', 'დაზიანებული თბ.მუყ. ტიხრის დემონტაჟი', 'დაზიანებული თუნუქის სახურავის დემონტაჟი', 'დაზიანებული იატაკის პლინტუსების დემონტაჟი', 'დაზიანებული კაფელ-მეტლახის დემონტაჟი სააბაზანოში', 'დაზიანებული ლამინირებული იატაკის ფილების დემონტაჟი', 'დაზიანებული მდფ -ს კარის ბლოკის დემონტაჟი', 'დაზიანებული მემბრანა ტოლის დემონტაჟი სახურავზე', 'დაზიანებული მინაპაკეტის დემონტაჟი', 'დაზიანებული პარკეტის დემონტაჟი', 'დაზიანებული ჟოლობის დემონტაჟი', 'ვინილის/ლინოლეუმის იატაკის დემონტაჟი', 'კედლის ნალესის დემონტაჟი', 'მდფ-ის ავეჯის სრული დემონტაჟი', 'მდფ-ის დაზიანებული ნაწილების დემონტაჟი', 'მემბრანა ტოლის მოწყობა სახურავზე', 'მოჭიმული იატაკის დემონტაჟი', 'ნარმის ჭერის დემონტაჟი', 'პოლიკარბონატის სახურავის დემონტაჟი', 'რბილი იტაკის დემონტაჟი', 'სარეკლამო მანათობელი ყუთის დემონტაჟი', 'სასაწყობე ელექტრო კარი ჟალუზის დემონტაჟი', 'სახურავზე კრამიტის ფილების მოწყობა', 'სენდვიჩ პანელის კედლის - ჭერის  ნაწილობრივი დემონტაჟი', 'ფილების სამონტაჟო პლასტიკატის დეტალები', 'შეღებილი ქაღალდის ჭერის/კედლის ფენილის დემონტაჟი', 'შინგლის სახურავი/რბილი კრამიტის მოწყობა', 'შინგლის/რბილი კრამიტის დემონტაჟი', 'ხის იატაკის დემონტაჟი', 'ხის ფანჯრის/კარის დემონტაჟი']"
პოლიკარბონატის სახურავის დემონტაჟი,"['აგურის კედლის დემონტაჟი', 'აზბესტის სახურავის დემონტაჟი (შიფერი)', 'აზბესტის სახურავის მოწყობა (შიფერი)', 'ალუკაბონდის დემონტაჟი', 'ალუკაბონდის კონსტრუქციის დემონტაჟი', 'ბეტონის დემონტაჟი', 'ბლოკის კედლის დემონტაჟი', 'დაზიანებული არმსტრონგის ფილების დემონტაჟი', 'დაზიანებული ბარისოლის საფარის დემონტაჟი', 'დაზიანებული ელექტროობის დემონტაჟი', 'დაზიანებული ვიტრაჟული კარის/ფანჯრის დემონტაჟი', 'დაზიანებული თაბ.მუყ. ჭერის/კედლის საფარის დემონტაჟი', 'დაზიანებული თბ.მუყ. ტიხრის დემონტაჟი', 'დაზიანებული თუნუქის სახურავის დემონტაჟი', 'დაზიანებული იატაკის პლინტუსების დემონტაჟი', 'დაზიანებული კაფელ-მეტლახის დემონტაჟი სააბაზანოში', 'დაზიანებული ლამინირებული იატაკის ფილების დემონტაჟი', 'დაზიანებული მდფ -ს კარის ბლოკის დემონტაჟი', 'დაზიანებული მემბრანა ტოლის დემონტაჟი სახურავზე', 'დაზიანებული მინაპაკეტის დემონტაჟი', 'დაზიანებული პარკეტის დემონტაჟი', 'დაზიანებული ჟოლობის დემონტაჟი', 'ვინილის/ლინოლეუმის იატაკის დემონტაჟი', 'თუნუქის სახურავის მოწყობა', 'კედლის ნალესის დემონტაჟი', 'მდფ-ის ავეჯის სრული დემონტაჟი', 'მდფ-ის დაზიანებული ნაწილების დემონტაჟი', 'მოჭიმული იატაკის დემონტაჟი', 'ნარმის ჭერის დემონტაჟი', 'პოლიკარბონატის სახურავის მოწყობა', 'რბილი იტაკის დემონტაჟი', 'სარეკლამო მანათობელი ყუთის დემონტაჟი', 'სასაწყობე ელექტრო კარი ჟალუზის დემონტაჟი', 'სახურავზე კრამიტის ფილების დემონტაჟი', 'სენდვიჩ პანელის კედლის - ჭერის  ნაწილობრივი დემონტაჟი', 'სენდვიჩ პანელის სახურავის გადაბმების დამუშავება გერმეტიკით.', 'სენდვიჩ პანელის სახურავის ფილა', 'ფიჭური პოლიკარბონატის ფილა', 'შეღებილი ქაღალდის ჭერის/კედლის ფენილის დემონტაჟი', 'შინგლის/რბილი კრამიტის დემონტაჟი', 'ხის იატაკის დემონტაჟი', 'ხის ფანჯრის/კარის დემონტაჟი']"
აზბესტის სახურავის დემონტაჟი (შიფერი),"['აგურის კედლის დემონტაჟი', 'აზბესტის სახურავის მოწყობა (შიფერი)', 'აზბესტის ფილა', 'ალუკაბონდის დემონტაჟი', 'ალუკაბონდის კონსტრუქციის დემონტაჟი', 'ბეტონის დემონტაჟი', 'ბლოკის კედლის დემონტაჟი', 'დაზიანებული არმსტრონგის ფილების დემონტაჟი', 'დაზიანებული ბარისოლის საფარის დემონტაჟი', 'დაზიანებული ელექტროობის დემონტაჟი', 'დაზიანებული ვიტრაჟული კარის/ფანჯრის დემონტაჟი', 'დაზიანებული თაბ.მუყ. ჭერის/კედლის საფარის დემონტაჟი', 'დაზიანებული თბ.მუყ. ტიხრის დემონტაჟი', 'დაზიანებული თუნუქის სახურავის დემონტაჟი', 'დაზიანებული იატაკის პლინტუსების დემონტაჟი', 'დაზიანებული კაფელ-მეტლახის დემონტაჟი სააბაზანოში', 'დაზიანებული ლამინირებული იატაკის ფილების დემონტაჟი', 'დაზიანებული მდფ -ს კარის ბლოკის დემონტაჟი', 'დაზიანებული მემბრანა ტოლის დემონტაჟი სახურავზე', 'დაზიანებული მინაპაკეტის დემონტაჟი', 'დაზიანებული პარკეტის დემონტაჟი', 'დაზიანებული ჟოლობის დემონტაჟი', 'ვინილის/ლინოლეუმის იატაკის დემონტაჟი', 'თუნუქის სახურავის მოწყობა', 'კედლის ნალესის დემონტაჟი', 'მდფ-ის ავეჯის სრული დემონტაჟი', 'მდფ-ის დაზიანებული ნაწილების დემონტაჟი', 'მოჭიმული იატაკის დემონტაჟი', 'ნარმის ჭერის დემონტაჟი', 'პოლიკარბონატის სახურავის დემონტაჟი', 'პოლიკარბონატის სახურავის მოწყობა', 'რბილი იტაკის დემონტაჟი', 'სარეკლამო მანათობელი ყუთის დემონტაჟი', 'სასაწყობე ელექტრო კარი ჟალუზის დემონტაჟი', 'სახურავზე კრამიტის ფილების დემონტაჟი', 'სენდვიჩ პანელის კედლის - ჭერის  ნაწილობრივი დემონტაჟი', 'სენდვიჩ პანელის სახურავის გადაბმების დამუშავება გერმეტიკით.', 'სენდვიჩ პანელის სახურავის ფილა', 'შეღებილი ქაღალდის ჭერის/კედლის ფენილის დემონტაჟი', 'შინგლის/რბილი კრამიტის დემონტაჟი', 'ხის იატაკის დემონტაჟი', 'ხის ფანჯრის/კარის დემონტაჟი']"
რბილი იტაკის დემონტაჟი,"['აგურის კედლის დემონტაჟი', 'აზბესტის სახურავის დემონტაჟი (შიფერი)', 'ალუკაბონდის დემონტაჟი', 'ალუკაბონდის კონსტრუქციის დემონტაჟი', 'ბეტონის დემონტაჟი', 'ბლოკის კედლის დემონტაჟი', 'დაზიანებული არმსტრონგის ფილების დემონტაჟი', 'დაზიანებული ბარისოლის საფარის დემონტაჟი', 'დაზიანებული ელექტროობის დემონტაჟი', 'დაზიანებული ვიტრაჟული კარის/ფანჯრის დემონტაჟი', 'დაზიანებული თაბ.მუყ. ჭერის/კედლის საფარის დემონტაჟი', 'დაზიანებული თბ.მუყ. ტიხრის დემონტაჟი', 'დაზიანებული თუნუქის სახურავის დემონტაჟი', 'დაზიანებული იატაკის პლინტუსების დემონტაჟი', 'დაზიანებული კაფელ-მეტლახის დემონტაჟი სააბაზანოში', 'დაზიანებული ლამინირებული იატაკის ფილების დემონტაჟი', 'დაზიანებული მდფ -ს კარის ბლოკის დემონტაჟი', 'დაზიანებული მემბრანა ტოლის დემონტაჟი სახურავზე', 'დაზიანებული მინაპაკეტის დემონტაჟი', 'დაზიანებული პარკეტის დემონტაჟი', 'დაზიანებული ჟოლობის დემონტაჟი', 'ვინილის/ლინოლეუმის იატაკის დემონტაჟი', 'კედლის ნალესის დემონტაჟი', 'მდფ-ის ავეჯის სრული დემონტაჟი', 'მდფ-ის დაზიანებული ნაწილების დემონტაჟი', 'მოჭიმული იატაკის დემონტაჟი', 'ნარმის ჭერის დემონტაჟი', 'პოლიკარბონატის სახურავის დემონტაჟი', 'რბილი იატაკი', 'რბილი იტაკის მოწყობა', 'სარეკლამო მანათობელი ყუთის დემონტაჟი', 'სასაწყობე ელექტრო კარი ჟალუზის დემონტაჟი', 'სახურავზე კრამიტის ფილების დემონტაჟი', 'სენდვიჩ პანელის კედლის - ჭერის  ნაწილობრივი დემონტაჟი', 'შეღებილი ქაღალდის ჭერის/კედლის ფენილის დემონტაჟი', 'შინგლის/რბილი კრამიტის დემონტაჟი', 'ხის იატაკის დემონტაჟი', 'ხის ფანჯრის/კარის დემონტაჟი']"
აგურის კედლის დემონტაჟი,"['აგურის კედლის ამოშენება', 'აზბესტის სახურავის დემონტაჟი (შიფერი)', 'ალუკაბონდის დემონტაჟი', 'ალუკაბონდის კონსტრუქციის დემონტაჟი', 'ბეტონის დემონტაჟი', 'ბლოკის კედლის ამოშენება', 'ბლოკის კედლის დემონტაჟი', 'დაზიანებული არმსტრონგის ფილების დემონტაჟი', 'დაზიანებული ბარისოლის საფარის დემონტაჟი', 'დაზიანებული ელექტროობის დემონტაჟი', 'დაზიანებული ვიტრაჟული კარის/ფანჯრის დემონტაჟი', 'დაზიანებული თაბ.მუყ. ჭერის/კედლის საფარის დემონტაჟი', 'დაზიანებული თბ.მუყ. ტიხრის დემონტაჟი', 'დაზიანებული თუნუქის სახურავის დემონტაჟი', 'დაზიანებული იატაკის პლინტუსების დემონტაჟი', 'დაზიანებული კაფელ-მეტლახის დემონტაჟი სააბაზანოში', 'დაზიანებული კედლის ფენილების გასუფთავება', 'დაზიანებული ლამინირებული იატაკის ფილების დემონტაჟი', 'დაზიანებული მდფ -ს კარის ბლოკის დემონტაჟი', 'დაზიანებული მემბრანა ტოლის დემონტაჟი სახურავზე', 'დაზიანებული მინაპაკეტის დემონტაჟი', 'დაზიანებული პარკეტის დემონტაჟი', 'დაზიანებული ჟოლობის დემონტაჟი', 'ვინილის/ლინოლეუმის იატაკის დემონტაჟი', 'კედლის დამუშავება/შეღებვა', 'კედლის ლესვა', 'კედლის ნალესის დემონტაჟი', 'კედლის პროფილი F', 'მდფ-ის ავეჯის სრული დემონტაჟი', 'მდფ-ის დაზიანებული ნაწილების დემონტაჟი', 'მოჭიმული იატაკის დემონტაჟი', 'ნარმის ჭერის დემონტაჟი', 'პოლიკარბონატის სახურავის დემონტაჟი', 'რბილი იტაკის დემონტაჟი', 'სარეკლამო მანათობელი ყუთის დემონტაჟი', 'სასაწყობე ელექტრო კარი ჟალუზის დემონტაჟი', 'სახურავზე კრამიტის ფილების დემონტაჟი', 'სენდვიჩ პანელის კედლის - ჭერის  ნაწილობრივი აღდგენა', 'სენდვიჩ პანელის კედლის - ჭერის  ნაწილობრივი დემონტაჟი', 'სენდვიჩ პანელის კედლის ფილა', 'შეღებილი ქაღალდის ჭერის/კედლის ფენილის დემონტაჟი', 'შინგლის/რბილი კრამიტის დემონტაჟი', 'ხის იატაკის დემონტაჟი', 'ხის ფანჯრის/კარის დემონტაჟი']"
ალუკაბონდის კონსტრუქციის დემონტაჟი,"['აგურის კედლის დემონტაჟი', 'აზბესტის სახურავის დემონტაჟი (შიფერი)', 'ალუკაბონდის აღდგენა/ჩანაცვლება', 'ალუკაბონდის დემონტაჟი', 'ალუკაბონდის სამაგრი კონსტრუქციის მონტაჟი/დადუღება', 'ბეტონის დემონტაჟი', 'ბლოკის კედლის დემონტაჟი', 'დაზიანებული არმსტრონგის ფილების დემონტაჟი', 'დაზიანებული ბარისოლის საფარის დემონტაჟი', 'დაზიანებული ელექტროობის დემონტაჟი', 'დაზიანებული ვიტრაჟული კარის/ფანჯრის დემონტაჟი', 'დაზიანებული თაბ.მუყ. ჭერის/კედლის საფარის დემონტაჟი', 'დაზიანებული თბ.მუყ. ტიხრის დემონტაჟი', 'დაზიანებული თუნუქის სახურავის დემონტაჟი', 'დაზიანებული იატაკის პლინტუსების დემონტაჟი', 'დაზიანებული კაფელ-მეტლახის დემონტაჟი სააბაზანოში', 'დაზიანებული ლამინირებული იატაკის ფილების დემონტაჟი', 'დაზიანებული მდფ -ს კარის ბლოკის დემონტაჟი', 'დაზიანებული მემბრანა ტოლის დემონტაჟი სახურავზე', 'დაზიანებული მინაპაკეტის დემონტაჟი', 'დაზიანებული პარკეტის დემონტაჟი', 'დაზიანებული ჟოლობის დემონტაჟი', 'ვინილის/ლინოლეუმის იატაკის დემონტაჟი', 'კედლის ნალესის დემონტაჟი', 'მდფ-ის ავეჯის სრული დემონტაჟი', 'მდფ-ის დაზიანებული ნაწილების დემონტაჟი', 'მოჭიმული იატაკის დემონტაჟი', 'ნარმის ჭერის დემონტაჟი', 'პოლიკარბონატის სახურავის დემონტაჟი', 'რბილი იტაკის დემონტაჟი', 'სარეკლამო მანათობელი ყუთის დემონტაჟი', 'სასაწყობე ელექტრო კარი ჟალუზის დემონტაჟი', 'სახურავზე კრამიტის ფილების დემონტაჟი', 'სენდვიჩ პანელის კედლის - ჭერის  ნაწილობრივი დემონტაჟი', 'შეღებილი ქაღალდის ჭერის/კედლის ფენილის დემონტაჟი', 'შინგლის/რბილი კრამიტის დემონტაჟი', 'ხის იატაკის დემონტაჟი', 'ხის ფანჯრის/კარის დემონტაჟი']"
ალუკაბონდის დემონტაჟი,"['აგურის კედლის დემონტაჟი', 'აზბესტის სახურავის დემონტაჟი (შიფერი)', 'ალუკაბონდის აღდგენა/ჩანაცვლება', 'ალუკაბონდის კონსტრუქციის დემონტაჟი', 'ალუკაბონდის სამაგრი კონსტრუქციის მონტაჟი/დადუღება', 'ბეტონის დემონტაჟი', 'ბლოკის კედლის დემონტაჟი', 'დაზიანებული არმსტრონგის ფილების დემონტაჟი', 'დაზიანებული ბარისოლის საფარის დემონტაჟი', 'დაზიანებული ელექტროობის დემონტაჟი', 'დაზიანებული ვიტრაჟული კარის/ფანჯრის დემონტაჟი', 'დაზიანებული თაბ.მუყ. ჭერის/კედლის საფარის დემონტაჟი', 'დაზიანებული თბ.მუყ. ტიხრის დემონტაჟი', 'დაზიანებული თუნუქის სახურავის დემონტაჟი', 'დაზიანებული იატაკის პლინტუსების დემონტაჟი', 'დაზიანებული კაფელ-მეტლახის დემონტაჟი სააბაზანოში', 'დაზიანებული ლამინირებული იატაკის ფილების დემონტაჟი', 'დაზიანებული მდფ -ს კარის ბლოკის დემონტაჟი', 'დაზიანებული მემბრანა ტოლის დემონტაჟი სახურავზე', 'დაზიანებული მინაპაკეტის დემონტაჟი', 'დაზიანებული პარკეტის დემონტაჟი', 'დაზიანებული ჟოლობის დემონტაჟი', 'ვინილის/ლინოლეუმის იატაკის დემონტაჟი', 'კედლის ნალესის დემონტაჟი', 'მდფ-ის ავეჯის სრული დემონტაჟი', 'მდფ-ის დაზიანებული ნაწილების დემონტაჟი', 'მოჭიმული იატაკის დემონტაჟი', 'ნარმის ჭერის დემონტაჟი', 'პოლიკარბონატის სახურავის დემონტაჟი', 'რბილი იტაკის დემონტაჟი', 'სარეკლამო მანათობელი ყუთის დემონტაჟი', 'სასაწყობე ელექტრო კარი ჟალუზის დემონტაჟი', 'სახურავზე კრამიტის ფილების დემონტაჟი', 'სენდვიჩ პანელის კედლის - ჭერის  ნაწილობრივი დემონტაჟი', 'შეღებილი ქაღალდის ჭერის/კედლის ფენილის დემონტაჟი', 'შინგლის/რბილი კრამიტის დემონტაჟი', 'ხის იატაკის დემონტაჟი', 'ხის ფანჯრის/კარის დემონტაჟი']"
მოჭიმული იატაკის დემონტაჟი,"['აგურის კედლის დემონტაჟი', 'აზბესტის სახურავის დემონტაჟი (შიფერი)', 'ალუკაბონდის დემონტაჟი', 'ალუკაბონდის კონსტრუქციის დემონტაჟი', 'ბეტონის დემონტაჟი', 'ბლოკის კედლის დემონტაჟი', 'დაზიანებული არმსტრონგის ფილების დემონტაჟი', 'დაზიანებული ბარისოლის საფარის დემონტაჟი', 'დაზიანებული ელექტროობის დემონტაჟი', 'დაზიანებული ვიტრაჟული კარის/ფანჯრის დემონტაჟი', 'დაზიანებული თაბ.მუყ. ჭერის/კედლის საფარის დემონტაჟი', 'დაზიანებული თბ.მუყ. ტიხრის დემონტაჟი', 'დაზიანებული თუნუქის სახურავის დემონტაჟი', 'დაზიანებული იატაკის პლინტუსების დემონტაჟი', 'დაზიანებული კაფელ-მეტლახის დემონტაჟი სააბაზანოში', 'დაზიანებული ლამინირებული იატაკის ფილების დემონტაჟი', 'დაზიანებული მდფ -ს კარის ბლოკის დემონტაჟი', 'დაზიანებული მემბრანა ტოლის დემონტაჟი სახურავზე', 'დაზიანებული მინაპაკეტის დემონტაჟი', 'დაზიანებული პარკეტის დემონტაჟი', 'დაზიანებული ჟოლობის დემონტაჟი', 'ვინილის/ლინოლეუმის იატაკის აღდგენა', 'ვინილის/ლინოლეუმის იატაკის დემონტაჟი', 'იატაკის ლაქი', 'იატაკის პლინტუსების მოწყობა', 'კედლის ნალესის დემონტაჟი', 'ლამინირებული იატაკის აღდგენა', 'ლამინირებული იატაკის ფილა', 'მდფ-ის ავეჯის სრული დემონტაჟი', 'მდფ-ის დაზიანებული ნაწილების დემონტაჟი', 'მოჭიმული იატაკის მოწყობა', 'ნარმის ჭერის დემონტაჟი', 'პარკეტის იატაკის ზედაპირის მოხვეწა/შეღებვა/მონტაჟი', 'პოლიკარბონატის სახურავის დემონტაჟი', 'რბილი იტაკის დემონტაჟი', 'სარეკლამო მანათობელი ყუთის დემონტაჟი', 'სასაწყობე ელექტრო კარი ჟალუზის დემონტაჟი', 'სახურავზე კრამიტის ფილების დემონტაჟი', 'სენდვიჩ პანელის კედლის - ჭერის  ნაწილობრივი დემონტაჟი', 'შეღებილი ქაღალდის ჭერის/კედლის ფენილის დემონტაჟი', 'შინგლის/რბილი კრამიტის დემონტაჟი', 'ხის იატაკის დემონტაჟი', 'ხის იატაკის მოხვეწა/შეღებვა/მონტაჟი', 'ხის ფანჯრის/კარის დემონტაჟი']"
კედლის ნალესის დემონტაჟი,"['აგურის კედლის ამოშენება', 'აგურის კედლის დემონტაჟი', 'აზბესტის სახურავის დემონტაჟი (შიფერი)', 'ალუკაბონდის დემონტაჟი', 'ალუკაბონდის კონსტრუქციის დემონტაჟი', 'ბეტონის დემონტაჟი', 'ბლოკის კედლის ამოშენება', 'ბლოკის კედლის დემონტაჟი', 'დაზიანებული არმსტრონგის ფილების დემონტაჟი', 'დაზიანებული ბარისოლის საფარის დემონტაჟი', 'დაზიანებული ელექტროობის დემონტაჟი', 'დაზიანებული ვიტრაჟული კარის/ფანჯრის დემონტაჟი', 'დაზიანებული თაბ.მუყ. ჭერის/კედლის საფარის დემონტაჟი', 'დაზიანებული თბ.მუყ. ტიხრის დემონტაჟი', 'დაზიანებული თუნუქის სახურავის დემონტაჟი', 'დაზიანებული იატაკის პლინტუსების დემონტაჟი', 'დაზიანებული კაფელ-მეტლახის დემონტაჟი სააბაზანოში', 'დაზიანებული კედლის ფენილების გასუფთავება', 'დაზიანებული ლამინირებული იატაკის ფილების დემონტაჟი', 'დაზიანებული მდფ -ს კარის ბლოკის დემონტაჟი', 'დაზიანებული მემბრანა ტოლის დემონტაჟი სახურავზე', 'დაზიანებული მინაპაკეტის დემონტაჟი', 'დაზიანებული პარკეტის დემონტაჟი', 'დაზიანებული ჟოლობის დემონტაჟი', 'ვინილის/ლინოლეუმის იატაკის დემონტაჟი', 'კედლის დამუშავება/შეღებვა', 'კედლის ლესვა', 'კედლის პროფილი F', 'მდფ-ის ავეჯის სრული დემონტაჟი', 'მდფ-ის დაზიანებული ნაწილების დემონტაჟი', 'მოჭიმული იატაკის დემონტაჟი', 'ნარმის ჭერის დემონტაჟი', 'პოლიკარბონატის სახურავის დემონტაჟი', 'რბილი იტაკის დემონტაჟი', 'სარეკლამო მანათობელი ყუთის დემონტაჟი', 'სასაწყობე ელექტრო კარი ჟალუზის დემონტაჟი', 'სახურავზე კრამიტის ფილების დემონტაჟი', 'სენდვიჩ პანელის კედლის - ჭერის  ნაწილობრივი აღდგენა', 'სენდვიჩ პანელის კედლის - ჭერის  ნაწილობრივი დემონტაჟი', 'სენდვიჩ პანელის კედლის ფილა', 'შეღებილი ქაღალდის ჭერის/კედლის ფენილის დემონტაჟი', 'შინგლის/რბილი კრამიტის დემონტაჟი', 'ხის იატაკის დემონტაჟი', 'ხის ფანჯრის/კარის დემონტაჟი']"
სარეკლამო მანათობელი ყუთის დემონტაჟი,"['აგურის კედლის დემონტაჟი', 'აზბესტის სახურავის დემონტაჟი (შიფერი)', 'ალუკაბონდის დემონტაჟი', 'ალუკაბონდის კონსტრუქციის დემონტაჟი', 'ბეტონის დემონტაჟი', 'ბლოკის კედლის დემონტაჟი', 'დაზიანებული არმსტრონგის ფილების დემონტაჟი', 'დაზიანებული ბარისოლის საფარის დემონტაჟი', 'დაზიანებული ელექტროობის დემონტაჟი', 'დაზიანებული ვიტრაჟული კარის/ფანჯრის დემონტაჟი', 'დაზიანებული თაბ.მუყ. ჭერის/კედლის საფარის დემონტაჟი', 'დაზიანებული თბ.მუყ. ტიხრის დემონტაჟი', 'დაზიანებული თუნუქის სახურავის დემონტაჟი', 'დაზიანებული იატაკის პლინტუსების დემონტაჟი', 'დაზიანებული კაფელ-მეტლახის დემონტაჟი სააბაზანოში', 'დაზიანებული ლამინირებული იატაკის ფილების დემონტაჟი', 'დაზიანებული მდფ -ს კარის ბლოკის დემონტაჟი', 'დაზიანებული მემბრანა ტოლის დემონტაჟი სახურავზე', 'დაზიანებული მინაპაკეტის დემონტაჟი', 'დაზიანებული პარკეტის დემონტაჟი', 'დაზიანებული ჟოლობის დემონტაჟი', 'ვინილის/ლინოლეუმის იატაკის დემონტაჟი', 'კედლის ნალესის დემონტაჟი', 'მდფ-ის ავეჯის სრული დემონტაჟი', 'მდფ-ის დაზიანებული ნაწილების დემონტაჟი', 'მოჭიმული იატაკის დემონტაჟი', 'ნარმის ჭერის დემონტაჟი', 'პოლიკარბონატის სახურავის დემონტაჟი', 'რბილი იტაკის დემონტაჟი', 'სარეკლამო მანათობელი ყუთის მოწყობა', 'სასაწყობე ელექტრო კარი ჟალუზის დემონტაჟი', 'სახურავზე კრამიტის ფილების დემონტაჟი', 'სენდვიჩ პანელის კედლის - ჭერის  ნაწილობრივი დემონტაჟი', 'შეღებილი ქაღალდის ჭერის/კედლის ფენილის დემონტაჟი', 'შინგლის/რბილი კრამიტის დემონტაჟი', 'ხის იატაკის დემონტაჟი', 'ხის ფანჯრის/კარის დემონტაჟი']"
ვინილის/ლინოლეუმის იატაკის დემონტაჟი,"['აგურის კედლის დემონტაჟი', 'აზბესტის სახურავის დემონტაჟი (შიფერი)', 'ალუკაბონდის დემონტაჟი', 'ალუკაბონდის კონსტრუქციის დემონტაჟი', 'ბეტონის დემონტაჟი', 'ბლოკის კედლის დემონტაჟი', 'დაზიანებული არმსტრონგის ფილების დემონტაჟი', 'დაზიანებული ბარისოლის საფარის დემონტაჟი', 'დაზიანებული ელექტროობის დემონტაჟი', 'დაზიანებული ვიტრაჟული კარის/ფანჯრის დემონტაჟი', 'დაზიანებული თაბ.მუყ. ჭერის/კედლის საფარის დემონტაჟი', 'დაზიანებული თბ.მუყ. ტიხრის დემონტაჟი', 'დაზიანებული თუნუქის სახურავის დემონტაჟი', 'დაზიანებული იატაკის პლინტუსების დემონტაჟი', 'დაზიანებული კაფელ-მეტლახის დემონტაჟი სააბაზანოში', 'დაზიანებული ლამინირებული იატაკის ფილების დემონტაჟი', 'დაზიანებული მდფ -ს კარის ბლოკის დემონტაჟი', 'დაზიანებული მემბრანა ტოლის დემონტაჟი სახურავზე', 'დაზიანებული მინაპაკეტის დემონტაჟი', 'დაზიანებული პარკეტის დემონტაჟი', 'დაზიანებული ჟოლობის დემონტაჟი', 'ვინილის/ლინოლეუმის იატაკის აღდგენა', 'იატაკის ლაქი', 'იატაკის პლინტუსების მოწყობა', 'კედლის ნალესის დემონტაჟი', 'ლამინირებული იატაკის აღდგენა', 'ლამინირებული იატაკის ფილა', 'მდფ-ის ავეჯის სრული დემონტაჟი', 'მდფ-ის დაზიანებული ნაწილების დემონტაჟი', 'მოჭიმული იატაკის დემონტაჟი', 'მოჭიმული იატაკის მოწყობა', 'ნარმის ჭერის დემონტაჟი', 'პარკეტის იატაკის ზედაპირის მოხვეწა/შეღებვა/მონტაჟი', 'პოლიკარბონატის სახურავის დემონტაჟი', 'რბილი იტაკის დემონტაჟი', 'სარეკლამო მანათობელი ყუთის დემონტაჟი', 'სასაწყობე ელექტრო კარი ჟალუზის დემონტაჟი', 'სახურავზე კრამიტის ფილების დემონტაჟი', 'სენდვიჩ პანელის კედლის - ჭერის  ნაწილობრივი დემონტაჟი', 'შეღებილი ქაღალდის ჭერის/კედლის ფენილის დემონტაჟი', 'შინგლის/რბილი კრამიტის დემონტაჟი', 'ხის იატაკის დემონტაჟი', 'ხის იატაკის მოხვეწა/შეღებვა/მონტაჟი', 'ხის ფანჯრის/კარის დემონტაჟი']"
შინგლის/რბილი კრამიტის დემონტაჟი,"['აგურის კედლის დემონტაჟი', 'აზბესტის სახურავის დემონტაჟი (შიფერი)', 'ალუკაბონდის დემონტაჟი', 'ალუკაბონდის კონსტრუქციის დემონტაჟი', 'ბეტონის დემონტაჟი', 'ბლოკის კედლის დემონტაჟი', 'დაზიანებული არმსტრონგის ფილების დემონტაჟი', 'დაზიანებული ბარისოლის საფარის დემონტაჟი', 'დაზიანებული ელექტროობის დემონტაჟი', 'დაზიანებული ვიტრაჟული კარის/ფანჯრის დემონტაჟი', 'დაზიანებული თაბ.მუყ. ჭერის/კედლის საფარის დემონტაჟი', 'დაზიანებული თბ.მუყ. ტიხრის დემონტაჟი', 'დაზიანებული თუნუქის სახურავის დემონტაჟი', 'დაზიანებული იატაკის პლინტუსების დემონტაჟი', 'დაზიანებული კაფელ-მეტლახის დემონტაჟი სააბაზანოში', 'დაზიანებული ლამინირებული იატაკის ფილების დემონტაჟი', 'დაზიანებული მდფ -ს კარის ბლოკის დემონტაჟი', 'დაზიანებული მემბრანა ტოლის დემონტაჟი სახურავზე', 'დაზიანებული მინაპაკეტის დემონტაჟი', 'დაზიანებული პარკეტის დემონტაჟი', 'დაზიანებული ჟოლობის დემონტაჟი', 'ვინილის/ლინოლეუმის იატაკის დემონტაჟი', 'კედლის ნალესის დემონტაჟი', 'მდფ-ის ავეჯის სრული დემონტაჟი', 'მდფ-ის დაზიანებული ნაწილების დემონტაჟი', 'მოჭიმული იატაკის დემონტაჟი', 'ნარმის ჭერის დემონტაჟი', 'პოლიკარბონატის სახურავის დემონტაჟი', 'რბილი იტაკის დემონტაჟი', 'სარეკლამო მანათობელი ყუთის დემონტაჟი', 'სასაწყობე ელექტრო კარი ჟალუზის დემონტაჟი', 'სახურავზე კრამიტის ფილების დემონტაჟი', 'სახურავზე კრამიტის ფილების მოწყობა', 'სენდვიჩ პანელის კედლის - ჭერის  ნაწილობრივი დემონტაჟი', 'შეღებილი ქაღალდის ჭერის/კედლის ფენილის დემონტაჟი', 'შინგლის სახურავი/რბილი კრამიტის მოწყობა', 'ხის იატაკის დემონტაჟი', 'ხის ფანჯრის/კარის დემონტაჟი']"
ხის იატაკის დემონტაჟი,"['აგურის კედლის დემონტაჟი', 'აზბესტის სახურავის დემონტაჟი (შიფერი)', 'ალუკაბონდის დემონტაჟი', 'ალუკაბონდის კონსტრუქციის დემონტაჟი', 'ბეტონის დემონტაჟი', 'ბლოკის კედლის დემონტაჟი', 'დაზიანებული არმსტრონგის ფილების დემონტაჟი', 'დაზიანებული ბარისოლის საფარის დემონტაჟი', 'დაზიანებული ელექტროობის დემონტაჟი', 'დაზიანებული ვიტრაჟული კარის/ფანჯრის დემონტაჟი', 'დაზიანებული თაბ.მუყ. ჭერის/კედლის საფარის დემონტაჟი', 'დაზიანებული თბ.მუყ. ტიხრის დემონტაჟი', 'დაზიანებული თუნუქის სახურავის დემონტაჟი', 'დაზიანებული იატაკის პლინტუსების დემონტაჟი', 'დაზიანებული კაფელ-მეტლახის დემონტაჟი სააბაზანოში', 'დაზიანებული ლამინირებული იატაკის ფილების დემონტაჟი', 'დაზიანებული მდფ -ს კარის ბლოკის დემონტაჟი', 'დაზიანებული მემბრანა ტოლის დემონტაჟი სახურავზე', 'დაზიანებული მინაპაკეტის დემონტაჟი', 'დაზიანებული პარკეტის დემონტაჟი', 'დაზიანებული ჟოლობის დემონტაჟი', 'ვინილის/ლინოლეუმის იატაკის აღდგენა', 'ვინილის/ლინოლეუმის იატაკის დემონტაჟი', 'იატაკის ლაქი', 'იატაკის პლინტუსების მოწყობა', 'კედლის ნალესის დემონტაჟი', 'ლამინირებული იატაკის აღდგენა', 'ლამინირებული იატაკის ფილა', 'მდფ-ის ავეჯის სრული დემონტაჟი', 'მდფ-ის დაზიანებული ნაწილების დემონტაჟი', 'მოჭიმული იატაკის დემონტაჟი', 'მოჭიმული იატაკის მოწყობა', 'ნარმის ჭერის დემონტაჟი', 'პარკეტის იატაკის ზედაპირის მოხვეწა/შეღებვა/მონტაჟი', 'პლინტუსი ხის', 'პოლიკარბონატის სახურავის დემონტაჟი', 'რბილი იტაკის დემონტაჟი', 'სარეკლამო მანათობელი ყუთის დემონტაჟი', 'სასაწყობე ელექტრო კარი ჟალუზის დემონტაჟი', 'სახურავზე კრამიტის ფილების დემონტაჟი', 'სენდვიჩ პანელის კედლის - ჭერის  ნაწილობრივი დემონტაჟი', 'შეღებილი ქაღალდის ჭერის/კედლის ფენილის დემონტაჟი', 'შინგლის/რბილი კრამიტის დემონტაჟი', 'ხის იატაკის მოხვეწა/შეღებვა/მონტაჟი', 'ხის კარი', 'ხის მასალა', 'ხის ფანჯარა', 'ხის ფანჯრის/კარის დემონტაჟი', 'ხის ფანჯრის/კარის მონტაჟი', 'ხის ფიცარი']"
ხის ფანჯრის/კარის დემონტაჟი,"['აგურის კედლის დემონტაჟი', 'აზბესტის სახურავის დემონტაჟი (შიფერი)', 'ალუკაბონდის დემონტაჟი', 'ალუკაბონდის კონსტრუქციის დემონტაჟი', 'ბეტონის დემონტაჟი', 'ბლოკის კედლის დემონტაჟი', 'დაზიანებული არმსტრონგის ფილების დემონტაჟი', 'დაზიანებული ბარისოლის საფარის დემონტაჟი', 'დაზიანებული ელექტროობის დემონტაჟი', 'დაზიანებული ვიტრაჟული კარის/ფანჯრის დემონტაჟი', 'დაზიანებული თაბ.მუყ. ჭერის/კედლის საფარის დემონტაჟი', 'დაზიანებული თბ.მუყ. ტიხრის დემონტაჟი', 'დაზიანებული თუნუქის სახურავის დემონტაჟი', 'დაზიანებული იატაკის პლინტუსების დემონტაჟი', 'დაზიანებული კაფელ-მეტლახის დემონტაჟი სააბაზანოში', 'დაზიანებული ლამინირებული იატაკის ფილების დემონტაჟი', 'დაზიანებული მდფ -ს კარის ბლოკის დემონტაჟი', 'დაზიანებული მემბრანა ტოლის დემონტაჟი სახურავზე', 'დაზიანებული მინაპაკეტის დემონტაჟი', 'დაზიანებული პარკეტის დემონტაჟი', 'დაზიანებული ჟოლობის დემონტაჟი', 'ვინილის/ლინოლეუმის იატაკის დემონტაჟი', 'კედლის ნალესის დემონტაჟი', 'მდფ-ის ავეჯის სრული დემონტაჟი', 'მდფ-ის დაზიანებული ნაწილების დემონტაჟი', 'მოჭიმული იატაკის დემონტაჟი', 'ნარმის ჭერის დემონტაჟი', 'პლინტუსი ხის', 'პოლიკარბონატის სახურავის დემონტაჟი', 'რბილი იტაკის დემონტაჟი', 'სარეკლამო მანათობელი ყუთის დემონტაჟი', 'სასაწყობე ელექტრო კარი ჟალუზის დემონტაჟი', 'სახურავზე კრამიტის ფილების დემონტაჟი', 'სენდვიჩ პანელის კედლის - ჭერის  ნაწილობრივი დემონტაჟი', 'შეღებილი ქაღალდის ჭერის/კედლის ფენილის დემონტაჟი', 'შინგლის/რბილი კრამიტის დემონტაჟი', 'ხის იატაკის დემონტაჟი', 'ხის იატაკის მოხვეწა/შეღებვა/მონტაჟი', 'ხის კარი', 'ხის მასალა', 'ხის ფანჯარა', 'ხის ფანჯრის/კარის მონტაჟი', 'ხის ფიცარი']"
სენდვიჩ პანელის კედლის - ჭერის  ნაწილობრივი დემონტაჟი,"['აგურის კედლის ამოშენება', 'აგურის კედლის დემონტაჟი', 'აზბესტის სახურავის დემონტაჟი (შიფერი)', 'ალუკაბონდის დემონტაჟი', 'ალუკაბონდის კონსტრუქციის დემონტაჟი', 'არმსტრონგის (ნესტგამძლე) შეკიდული ჭერის მოწყობა', 'არმსტრონგის ჭერის კარკასი დეტალებით', 'ბეტონის დემონტაჟი', 'ბლოკის კედლის ამოშენება', 'ბლოკის კედლის დემონტაჟი', 'გასაჭიმი ჭერის რულონი', 'დაზიანებული არმსტრონგის ფილების დემონტაჟი', 'დაზიანებული ბარისოლის საფარის დემონტაჟი', 'დაზიანებული ელექტროობის დემონტაჟი', 'დაზიანებული ვიტრაჟული კარის/ფანჯრის დემონტაჟი', 'დაზიანებული თაბ.მუყ. ჭერის/კედლის საფარის დემონტაჟი', 'დაზიანებული თბ.მუყ. ტიხრის დემონტაჟი', 'დაზიანებული თუნუქის სახურავის დემონტაჟი', 'დაზიანებული იატაკის პლინტუსების დემონტაჟი', 'დაზიანებული კაფელ-მეტლახის დემონტაჟი სააბაზანოში', 'დაზიანებული კედლის ფენილების გასუფთავება', 'დაზიანებული ლამინირებული იატაკის ფილების დემონტაჟი', 'დაზიანებული მდფ -ს კარის ბლოკის დემონტაჟი', 'დაზიანებული მემბრანა ტოლის დემონტაჟი სახურავზე', 'დაზიანებული მინაპაკეტის დემონტაჟი', 'დაზიანებული პარკეტის დემონტაჟი', 'დაზიანებული ჟოლობის დემონტაჟი', 'დაზიანებული ჭერის ფენილის გასუფთავება', 'ვინილის/ლინოლეუმის იატაკის დემონტაჟი', 'კედლის დამუშავება/შეღებვა', 'კედლის ლესვა', 'კედლის ნალესის დემონტაჟი', 'კედლის პროფილი F', 'მდფ-ის ავეჯის სრული დემონტაჟი', 'მდფ-ის დაზიანებული ნაწილების დემონტაჟი', 'მდფ/ლამინირებული ავეჯის ნაწილობრივი აღდგენა', 'მოჭიმული იატაკის დემონტაჟი', 'ნარმას ჭერის აღდგენა (ბიაზი)', 'ნარმის ჭერის დემონტაჟი', 'პოლიკარბონატის სახურავის დემონტაჟი', 'რბილი იტაკის დემონტაჟი', 'სარეკლამო მანათობელი ყუთის დემონტაჟი', 'სასაწყობე ელექტრო კარი ჟალუზის დემონტაჟი', 'სახურავზე კრამიტის ფილების დემონტაჟი', 'სენდვიჩ პანელის კედლის - ჭერის  ნაწილობრივი აღდგენა', 'სენდვიჩ პანელის კედლის ფილა', 'სენდვიჩ პანელის სახურავის გადაბმების დამუშავება გერმეტიკით.', 'სენდვიჩ პანელის სახურავის ფილა', 'შეკიდული ჭერის Pპროფილი', 'შეკიდული ჭერის ნათურა, დღის ნათებით', 'შეღებილი ქაღალდის ჭერის/კედლის ფენილის დემონტაჟი', 'შინგლის/რბილი კრამიტის დემონტაჟი', 'ჭერის დამუშავება/შეღებვა', 'ჭერის პროფილი, გამჭედი დუბელი და სხვ. მასალები 1მ²', 'ჭერის პროფილი, საკიდები, გამჭედი დუბელი და სხვ. მასალები 1მ²', 'ჭერის სამონტაჟო პროფილები', 'ხის იატაკის დემონტაჟი', 'ხის ფანჯრის/კარის დემონტაჟი']"
გაჯის ბათქაშის ჩამოჩეხვა,['გაჯის ბათქაშის აღდგენა']
დაზიანებული პარკეტის ზედაპირის გასუფთავება (მოხვეწა),"['დაზიანებული არმსტრონგის ფილების დემონტაჟი', 'დაზიანებული ბარისოლის საფარის დემონტაჟი', 'დაზიანებული ელექტროობის დემონტაჟი', 'დაზიანებული ვიტრაჟული კარის/ფანჯრის დემონტაჟი', 'დაზიანებული თაბ.მუყ. ჭერის/კედლის საფარის დემონტაჟი', 'დაზიანებული თბ.მუყ. ტიხრის დემონტაჟი', 'დაზიანებული თუნუქის სახურავის დემონტაჟი', 'დაზიანებული იატაკის პლინტუსების დემონტაჟი', 'დაზიანებული კაფელ-მეტლახის დემონტაჟი სააბაზანოში', 'დაზიანებული კედლის ფენილების გასუფთავება', 'დაზიანებული ლამინირებული იატაკის ფილების დემონტაჟი', 'დაზიანებული მდფ -ს კარის ბლოკის დემონტაჟი', 'დაზიანებული მემბრანა ტოლის დემონტაჟი სახურავზე', 'დაზიანებული მინაპაკეტის დემონტაჟი', 'დაზიანებული პარკეტის დემონტაჟი', 'დაზიანებული ჟოლობის აღდგენა', 'დაზიანებული ჟოლობის დემონტაჟი', 'დაზიანებული ფენილის გასუფთავება ფასადზე', 'დაზიანებული შეკიდული ჭერი (პლასტიკატი)', 'დაზიანებული შპალერის მოხსნა', 'დაზიანებული ჭერის ფენილის გასუფთავება', 'კაფელის დაზიანებული პირაპირების აწმენდა (ფუგა)', 'კედელზე კაფელის ზედაპირის დამუშავება ფუგით  (სააბაზანოში)', 'მდფ-ის დაზიანებული ნაწილების დემონტაჟი', 'პარკეტის იატაკის ზედაპირის მოხვეწა/შეღებვა/მონტაჟი']"
ბეტონის დემონტაჟი,"['აგურის კედლის დემონტაჟი', 'აზბესტის სახურავის დემონტაჟი (შიფერი)', 'ალუკაბონდის დემონტაჟი', 'ალუკაბონდის კონსტრუქციის დემონტაჟი', 'ბლოკის კედლის დემონტაჟი', 'დაზიანებული არმსტრონგის ფილების დემონტაჟი', 'დაზიანებული ბარისოლის საფარის დემონტაჟი', 'დაზიანებული ელექტროობის დემონტაჟი', 'დაზიანებული ვიტრაჟული კარის/ფანჯრის დემონტაჟი', 'დაზიანებული თაბ.მუყ. ჭერის/კედლის საფარის დემონტაჟი', 'დაზიანებული თბ.მუყ. ტიხრის დემონტაჟი', 'დაზიანებული თუნუქის სახურავის დემონტაჟი', 'დაზიანებული იატაკის პლინტუსების დემონტაჟი', 'დაზიანებული კაფელ-მეტლახის დემონტაჟი სააბაზანოში', 'დაზიანებული ლამინირებული იატაკის ფილების დემონტაჟი', 'დაზიანებული მდფ -ს კარის ბლოკის დემონტაჟი', 'დაზიანებული მემბრანა ტოლის დემონტაჟი სახურავზე', 'დაზიანებული მინაპაკეტის დემონტაჟი', 'დაზიანებული პარკეტის დემონტაჟი', 'დაზიანებული ჟოლობის დემონტაჟი', 'ვინილის/ლინოლეუმის იატაკის დემონტაჟი', 'კედლის ნალესის დემონტაჟი', 'მდფ-ის ავეჯის სრული დემონტაჟი', 'მდფ-ის დაზიანებული ნაწილების დემონტაჟი', 'მოჭიმული იატაკის დემონტაჟი', 'ნარმის ჭერის დემონტაჟი', 'პოლიკარბონატის სახურავის დემონტაჟი', 'რბილი იტაკის დემონტაჟი', 'სარეკლამო მანათობელი ყუთის დემონტაჟი', 'სასაწყობე ელექტრო კარი ჟალუზის დემონტაჟი', 'სახურავზე კრამიტის ფილების დემონტაჟი', 'სენდვიჩ პანელის კედლის - ჭერის  ნაწილობრივი დემონტაჟი', 'შეღებილი ქაღალდის ჭერის/კედლის ფენილის დემონტაჟი', 'შინგლის/რბილი კრამიტის დემონტაჟი', 'ხის იატაკის დემონტაჟი', 'ხის ფანჯრის/კარის დემონტაჟი']"
2. აღდგენითი სამუშაოები,['1.   სადემონტაჟო სამუშაოები']
შპალერის აღდგენა,"['გაჯის ბათქაშის აღდგენა', 'დაზიანებული ჟოლობის აღდგენა', 'დაზიანებული შპალერის მოხსნა', 'ვინილის/ლინოლეუმის იატაკის აღდგენა', 'თაბ.მუყ. ტიხრის აღდგენა', 'თაბ.მუყ. ჭერის/კედლის აღდგენა', 'კაფელ-მეტლახის/გრანიტის აღდგენა', 'ლამინირებული იატაკის აღდგენა', 'მდფ/ლამინირებული ავეჯის ნაწილობრივი აღდგენა', 'ნარმას ჭერის აღდგენა (ბიაზი)', 'სასაწყობე ელექტრო კარი ჟალუზის აღდგენა', 'სენდვიჩ პანელის კედლის - ჭერის  ნაწილობრივი აღდგენა', 'შეღებილი ქაღალდის ჭერის/კედლის ფენილის აღდგენა', 'შპალერის წებო']"
შპალერის წებო,"['დაზიანებული შპალერის მოხსნა', 'სამონტაჟო წებო 280 მმ', 'შპალერის აღდგენა', 'წებო']"
სხვა მასალები,"['სხვა დამხმარე სამონტაჟო მასალები', 'ჭერის პროფილი, გამჭედი დუბელი და სხვ. მასალები 1მ²', 'ჭერის პროფილი, საკიდები, გამჭედი დუბელი და სხვ. მასალები 1მ²']"
იატაკის პლინტუსების მოწყობა,"['აზბესტის სახურავის მოწყობა (შიფერი)', 'არმსტრონგის (ნესტგამძლე) შეკიდული ჭერის მოწყობა', 'ბარისოლის მოწყობა', 'დაზიანებული იატაკის პლინტუსების დემონტაჟი', 'დაზიანებული ლამინირებული იატაკის ფილების დემონტაჟი', 'ვინილის/ლინოლეუმის იატაკის აღდგენა', 'ვინილის/ლინოლეუმის იატაკის დემონტაჟი', 'თუნუქის სახურავის მოწყობა', 'იატაკის ლაქი', 'ლამინირებული იატაკის აღდგენა', 'ლამინირებული იატაკის ფილა', 'მემბრანა ტოლის მოწყობა სახურავზე', 'მოჭიმული იატაკის დემონტაჟი', 'მოჭიმული იატაკის მოწყობა', 'პარკეტის იატაკის ზედაპირის მოხვეწა/შეღებვა/მონტაჟი', 'პოლიკარბონატის სახურავის მოწყობა', 'რბილი იტაკის მოწყობა', 'სარეკლამო მანათობელი ყუთის მოწყობა', 'სახურავზე კრამიტის ფილების მოწყობა', 'შინგლის სახურავი/რბილი კრამიტის მოწყობა', 'ხის იატაკის დემონტაჟი', 'ხის იატაკის მოხვეწა/შეღებვა/მონტაჟი']"
პლინტუსი პლასტმასის,"['მეტალო პლასტმასის კარები ერთფრთიანი', 'მეტალო პლასტმასის კარები ორფრთიანი', 'მეტალო პლასტმასის ფანჯარა ერთფრთიანი', 'მეტალო პლასტმასის ფანჯარა ორფრთიანი', 'მეტალო პლასტმასის ფანჯარა სამფრთიანი', 'პლასტმასის ჟოლობის მუხლი', 'პლასტმასის ჟოლობის ღარი', 'პლასტმასის ღარის სამაგრი', 'პლასტმასის ღარის ძაბრი', 'პლასტმასის ხუფი', 'პლინტუსი მდფ-ის', 'პლინტუსი ხის']"
პლინტუსი მდფ-ის,"['ახალი მდფ-ის  კარის ბლოკის მონტაჟი', 'დაზიანებული მდფ -ს კარის ბლოკის დემონტაჟი', 'მდფ-ის ავეჯის სრული დემონტაჟი', 'მდფ-ის დაზიანებული ნაწილების დემონტაჟი', 'მდფ-ის ფილა (2,88X1,2)', 'მდფ-ის ფილა (2,88X1,2) დაჭრა/დაწიბოება', 'პლინტუსი პლასტმასის', 'პლინტუსი ხის']"
პლინტუსი ხის,"['პლინტუსი მდფ-ის', 'პლინტუსი პლასტმასის', 'ხის იატაკის დემონტაჟი', 'ხის იატაკის მოხვეწა/შეღებვა/მონტაჟი', 'ხის კარი', 'ხის მასალა', 'ხის ფანჯარა', 'ხის ფანჯრის/კარის დემონტაჟი', 'ხის ფანჯრის/კარის მონტაჟი', 'ხის ფიცარი']"
სამონტაჟო წებო 280 მმ,"['თაბ.მუყ. ნესტგამძლე ფილა 12,5 მმ', 'სამონტაჟო ქაფი', 'სამონტაჟო ქაფი 1000 მგ', 'სხვა დამხმარე სამონტაჟო მასალები', 'ფილების სამონტაჟო პლასტიკატის დეტალები', 'შენადუღი ლითონის ბადე  200*200*5 მმ', 'შპალერის წებო', 'ჩამრთველი ერთკლავიშა, სამონტაჟო კოლოფებით', 'წებო', 'ჭერის სამონტაჟო პროფილები']"
პლინტუსის ლურსმანი,"['ლურსმანი', 'ლურსმანი მოთუთიებული']"
კაფელ-მეტლახის/გრანიტის აღდგენა,"['გაჯის ბათქაშის აღდგენა', 'დაზიანებული კაფელ-მეტლახის დემონტაჟი სააბაზანოში', 'დაზიანებული ჟოლობის აღდგენა', 'ვინილის/ლინოლეუმის იატაკის აღდგენა', 'თაბ.მუყ. ტიხრის აღდგენა', 'თაბ.მუყ. ჭერის/კედლის აღდგენა', 'ლამინირებული იატაკის აღდგენა', 'მდფ/ლამინირებული ავეჯის ნაწილობრივი აღდგენა', 'ნარმას ჭერის აღდგენა (ბიაზი)', 'სასაწყობე ელექტრო კარი ჟალუზის აღდგენა', 'სენდვიჩ პანელის კედლის - ჭერის  ნაწილობრივი აღდგენა', 'შეღებილი ქაღალდის ჭერის/კედლის ფენილის აღდგენა', 'შპალერის აღდგენა']"
კერამიკული ფილა,"['აზბესტის ფილა', 'დვპ-ს ფილა', 'დიბონდი ფილა (3მმ)', 'თაბ.მუყ. ნესტგამძლე ფილა 12,5 მმ', 'ლამინატის ფილა (3,6X2,1)', 'ლამინატის ფილა (3,6X2,1) დაჭრა/დაწიბოება', 'ლამინირებული იატაკის ფილა', 'მდფ-ის ფილა (2,88X1,2)', 'მდფ-ის ფილა (2,88X1,2) დაჭრა/დაწიბოება', 'პვხ ფილა', 'პროფილირებული თუნუქის ფილა', 'სენდვიჩ პანელის კედლის ფილა', 'სენდვიჩ პანელის სახურავის ფილა', 'ფიჭური პოლიკარბონატის ფილა']"
ქვიშა-ცემენტის ნარევი,['ქვიშა-ცემენტი']
ფუგა,['კაფელის დაზიანებული პირაპირების აწმენდა (ფუგა)']
ფილების სამონტაჟო პლასტიკატის დეტალები,"['დაზიანებული არმსტრონგის ფილების დემონტაჟი', 'დაზიანებული ლამინირებული იატაკის ფილების დემონტაჟი', 'სამონტაჟო ქაფი', 'სამონტაჟო ქაფი 1000 მგ', 'სამონტაჟო წებო 280 მმ', 'სახურავზე კრამიტის ფილების დემონტაჟი', 'სახურავზე კრამიტის ფილების მოწყობა', 'სხვა დამხმარე სამონტაჟო მასალები', 'ჩამრთველი ერთკლავიშა, სამონტაჟო კოლოფებით', 'ჭერის სამონტაჟო პროფილები']"
პარკეტის იატაკის ზედაპირის მოხვეწა/შეღებვა/მონტაჟი,"['დაზიანებული იატაკის პლინტუსების დემონტაჟი', 'დაზიანებული ლამინირებული იატაკის ფილების დემონტაჟი', 'დაზიანებული პარკეტის დემონტაჟი', 'დაზიანებული პარკეტის ზედაპირის გასუფთავება (მოხვეწა)', 'ვინილის/ლინოლეუმის იატაკის აღდგენა', 'ვინილის/ლინოლეუმის იატაკის დემონტაჟი', 'იატაკის ლაქი', 'იატაკის პლინტუსების მოწყობა', 'კედელზე კაფელის ზედაპირის დამუშავება ფუგით  (სააბაზანოში)', 'ლამინირებული იატაკის აღდგენა', 'ლამინირებული იატაკის ფილა', 'მოჭიმული იატაკის დემონტაჟი', 'მოჭიმული იატაკის მოწყობა', 'ხის იატაკის დემონტაჟი', 'ხის იატაკის მოხვეწა/შეღებვა/მონტაჟი']"
იატაკის ლაქი,"['დაზიანებული იატაკის პლინტუსების დემონტაჟი', 'დაზიანებული ლამინირებული იატაკის ფილების დემონტაჟი', 'ვინილის/ლინოლეუმის იატაკის აღდგენა', 'ვინილის/ლინოლეუმის იატაკის დემონტაჟი', 'იატაკის პლინტუსების მოწყობა', 'ლამინირებული იატაკის აღდგენა', 'ლამინირებული იატაკის ფილა', 'მოჭიმული იატაკის დემონტაჟი', 'მოჭიმული იატაკის მოწყობა', 'პარკეტის იატაკის ზედაპირის მოხვეწა/შეღებვა/მონტაჟი', 'ხის იატაკის დემონტაჟი', 'ხის იატაკის მოხვეწა/შეღებვა/მონტაჟი']"
მდფ/ლამინირებული ავეჯის ნაწილობრივი აღდგენა,"['გაჯის ბათქაშის აღდგენა', 'დაზიანებული ჟოლობის აღდგენა', 'ვინილის/ლინოლეუმის იატაკის აღდგენა', 'თაბ.მუყ. ტიხრის აღდგენა', 'თაბ.მუყ. ჭერის/კედლის აღდგენა', 'კაფელ-მეტლახის/გრანიტის აღდგენა', 'ლამინირებული იატაკის აღდგენა', 'მდფ-ის ავეჯის სრული დემონტაჟი', 'მდფ/ლამინირებული ავეჯის სრული ჩანაცვლება', 'ნარმას ჭერის აღდგენა (ბიაზი)', 'სასაწყობე ელექტრო კარი ჟალუზის აღდგენა', 'სენდვიჩ პანელის კედლის - ჭერის  ნაწილობრივი აღდგენა', 'სენდვიჩ პანელის კედლის - ჭერის  ნაწილობრივი დემონტაჟი', 'შეღებილი ქაღალდის ჭერის/კედლის ფენილის აღდგენა', 'შპალერის აღდგენა']"
დვპ-ს ფილა,"['აზბესტის ფილა', 'დიბონდი ფილა (3მმ)', 'თაბ.მუყ. ნესტგამძლე ფილა 12,5 მმ', 'კერამიკული ფილა', 'ლამინატის ფილა (3,6X2,1)', 'ლამინატის ფილა (3,6X2,1) დაჭრა/დაწიბოება', 'ლამინირებული იატაკის ფილა', 'მდფ-ის ფილა (2,88X1,2)', 'მდფ-ის ფილა (2,88X1,2) დაჭრა/დაწიბოება', 'პვხ ფილა', 'პროფილირებული თუნუქის ფილა', 'სენდვიჩ პანელის კედლის ფილა', 'სენდვიჩ პანელის სახურავის ფილა', 'ფიჭური პოლიკარბონატის ფილა']"
"მდფ-ის ფილა (2,88X1,2)","['აზბესტის ფილა', 'ახალი მდფ-ის  კარის ბლოკის მონტაჟი', 'დაზიანებული მდფ -ს კარის ბლოკის დემონტაჟი', 'დვპ-ს ფილა', 'დიბონდი ფილა (3მმ)', 'თაბ.მუყ. ნესტგამძლე ფილა 12,5 მმ', 'კერამიკული ფილა', 'ლამინატის ფილა (3,6X2,1)', 'ლამინატის ფილა (3,6X2,1) დაჭრა/დაწიბოება', 'ლამინირებული იატაკის ფილა', 'მდფ-ის ავეჯის სრული დემონტაჟი', 'მდფ-ის დაზიანებული ნაწილების დემონტაჟი', 'მდფ-ის ფილა (2,88X1,2) დაჭრა/დაწიბოება', 'პვხ ფილა', 'პლინტუსი მდფ-ის', 'პროფილირებული თუნუქის ფილა', 'სენდვიჩ პანელის კედლის ფილა', 'სენდვიჩ პანელის სახურავის ფილა', 'ფიჭური პოლიკარბონატის ფილა']"
"ლამინატის ფილა (3,6X2,1)","['აზბესტის ფილა', 'დვპ-ს ფილა', 'დიბონდი ფილა (3მმ)', 'თაბ.მუყ. ნესტგამძლე ფილა 12,5 მმ', 'კერამიკული ფილა', 'ლამინატის ფილა (3,6X2,1) დაჭრა/დაწიბოება', 'ლამინატის ფილის საფენი', 'ლამინირებული იატაკის ფილა', 'მდფ-ის ფილა (2,88X1,2)', 'მდფ-ის ფილა (2,88X1,2) დაჭრა/დაწიბოება', 'პვხ ფილა', 'პროფილირებული თუნუქის ფილა', 'სენდვიჩ პანელის კედლის ფილა', 'სენდვიჩ პანელის სახურავის ფილა', 'ფიჭური პოლიკარბონატის ფილა']"
"მდფ-ის ფილა (2,88X1,2) დაჭრა/დაწიბოება","['აზბესტის ფილა', 'ახალი მდფ-ის  კარის ბლოკის მონტაჟი', 'დაზიანებული მდფ -ს კარის ბლოკის დემონტაჟი', 'დვპ-ს ფილა', 'დიბონდი ფილა (3მმ)', 'თაბ.მუყ. ნესტგამძლე ფილა 12,5 მმ', 'კერამიკული ფილა', 'ლამინატის ფილა (3,6X2,1)', 'ლამინატის ფილა (3,6X2,1) დაჭრა/დაწიბოება', 'ლამინირებული იატაკის ფილა', 'მდფ-ის ავეჯის სრული დემონტაჟი', 'მდფ-ის დაზიანებული ნაწილების დემონტაჟი', 'მდფ-ის ფილა (2,88X1,2)', 'პვხ ფილა', 'პლინტუსი მდფ-ის', 'პროფილირებული თუნუქის ფილა', 'სენდვიჩ პანელის კედლის ფილა', 'სენდვიჩ პანელის სახურავის ფილა', 'ფიჭური პოლიკარბონატის ფილა']"
"ლამინატის ფილა (3,6X2,1) დაჭრა/დაწიბოება","['აზბესტის ფილა', 'დვპ-ს ფილა', 'დიბონდი ფილა (3მმ)', 'თაბ.მუყ. ნესტგამძლე ფილა 12,5 მმ', 'კერამიკული ფილა', 'ლამინატის ფილა (3,6X2,1)', 'ლამინატის ფილის საფენი', 'ლამინირებული იატაკის ფილა', 'მდფ-ის ფილა (2,88X1,2)', 'მდფ-ის ფილა (2,88X1,2) დაჭრა/დაწიბოება', 'პვხ ფილა', 'პროფილირებული თუნუქის ფილა', 'სენდვიჩ პანელის კედლის ფილა', 'სენდვიჩ პანელის სახურავის ფილა', 'ფიჭური პოლიკარბონატის ფილა']"
ხრახნი,"['თაბაშირ მუყაოს ხრახნი', 'ხრახნი მოთუთიებული']"
მდფ/ლამინირებული ავეჯის სრული ჩანაცვლება,"['(მეტალო, ალდოქსი, იზოპროფილი) ვიტრაჟული კარის ჩანაცვლება (ორ ფრთიანი)', 'მდფ-ის ავეჯის სრული დემონტაჟი', 'მდფ/ლამინირებული ავეჯის ნაწილობრივი აღდგენა', 'მინაპაკეტის ჩანაცვლება']"
თაბ.მუყ. ჭერის/კედლის აღდგენა,"['გაჯის ბათქაშის აღდგენა', 'დაზიანებული თაბ.მუყ. ჭერის/კედლის საფარის დემონტაჟი', 'დაზიანებული ჟოლობის აღდგენა', 'ვინილის/ლინოლეუმის იატაკის აღდგენა', 'თაბ.მუყ. ნესტგამძლე ფილა 12,5 მმ', 'თაბ.მუყ. ტიხრის აღდგენა', 'კაფელ-მეტლახის/გრანიტის აღდგენა', 'ლამინირებული იატაკის აღდგენა', 'მდფ/ლამინირებული ავეჯის ნაწილობრივი აღდგენა', 'ნარმას ჭერის აღდგენა (ბიაზი)', 'სასაწყობე ელექტრო კარი ჟალუზის აღდგენა', 'სენდვიჩ პანელის კედლის - ჭერის  ნაწილობრივი აღდგენა', 'შეღებილი ქაღალდის ჭერის/კედლის ფენილის აღდგენა', 'შეღებილი ქაღალდის ჭერის/კედლის ფენილის დემონტაჟი', 'შპალერის აღდგენა']"
"თაბ.მუყ. ნესტგამძლე ფილა 12,5 მმ","['აზბესტის ფილა', 'არმსტრონგის (ნესტგამძლე) შეკიდული ჭერის მოწყობა', 'დაზიანებული თაბ.მუყ. ჭერის/კედლის საფარის დემონტაჟი', 'დვპ-ს ფილა', 'დიბონდი ფილა (3მმ)', 'თაბ.მუყ. ტიხრის აღდგენა', 'თაბ.მუყ. ჭერის/კედლის აღდგენა', 'კერამიკული ფილა', 'ლამინატის ფილა (3,6X2,1)', 'ლამინატის ფილა (3,6X2,1) დაჭრა/დაწიბოება', 'ლამინირებული იატაკის ფილა', 'მდფ-ის ფილა (2,88X1,2)', 'მდფ-ის ფილა (2,88X1,2) დაჭრა/დაწიბოება', 'პვხ ფილა', 'პროფილირებული თუნუქის ფილა', 'სამონტაჟო წებო 280 მმ', 'სენდვიჩ პანელის კედლის ფილა', 'სენდვიჩ პანელის სახურავის ფილა', 'ფიჭური პოლიკარბონატის ფილა', 'შენადუღი ლითონის ბადე  200*200*5 მმ']"
"ჭერის პროფილი, საკიდები, გამჭედი დუბელი და სხვ. მასალები 1მ²","['არმსტრონგის (ნესტგამძლე) შეკიდული ჭერის მოწყობა', 'არმსტრონგის ჭერის კარკასი დეტალებით', 'გასაჭიმი ჭერის რულონი', 'დაზიანებული ჭერის ფენილის გასუფთავება', 'იქსპიესის დუბელი', 'კედლის პროფილი F', 'ნარმას ჭერის აღდგენა (ბიაზი)', 'ნარმის ჭერის დემონტაჟი', 'ორგიმანზე ბეჭდვა (ფასი განისაზღვრება ასოებისა და გამოსახულებების რაოდენობისა და ზომების მიხედვით)', 'პერიმეტრის პროფილი სამაგრი დეტალებით', 'სენდვიჩ პანელის კედლის - ჭერის  ნაწილობრივი აღდგენა', 'სენდვიჩ პანელის კედლის - ჭერის  ნაწილობრივი დემონტაჟი', 'სხვა დამხმარე სამონტაჟო მასალები', 'სხვა მასალები', 'ფოლადის საკიდები', 'ქედის  პროფილი F', 'შეკიდული ჭერის Pპროფილი', 'შეკიდული ჭერის ნათურა, დღის ნათებით', 'ჭერის დამუშავება/შეღებვა', 'ჭერის პროფილი, გამჭედი დუბელი და სხვ. მასალები 1მ²', 'ჭერის სამონტაჟო პროფილები']"
ბადე ზოლოვანა,"['ბადე', 'შენადუღი ლითონის ბადე  200*200*5 მმ']"
თაბაშირ მუყაოს ხრახნი,"['ხრახნი', 'ხრახნი მოთუთიებული']"
ფასადის დამუშავება/შეღებვა საღებავით,"['კედლის დამუშავება/შეღებვა', 'საღებავი ფასადის (თეთრი)', 'ჭერის დამუშავება/შეღებვა']"
საღებავი ფასადის (თეთრი),"['საღებავი ემულსიური (თეთრი)', 'ფასადის დამუშავება/შეღებვა საღებავით']"
იქსპიესის ფილები,['იქსპიესის დუბელი']
ბადე,"['ბადე ზოლოვანა', 'შენადუღი ლითონის ბადე  200*200*5 მმ']"
იქსპიესის დუბელი,"['იქსპიესის ფილები', 'ჭერის პროფილი, გამჭედი დუბელი და სხვ. მასალები 1მ²', 'ჭერის პროფილი, საკიდები, გამჭედი დუბელი და სხვ. მასალები 1მ²']"
ლამინირებული იატაკის აღდგენა,"['გაჯის ბათქაშის აღდგენა', 'დაზიანებული იატაკის პლინტუსების დემონტაჟი', 'დაზიანებული ლამინირებული იატაკის ფილების დემონტაჟი', 'დაზიანებული ჟოლობის აღდგენა', 'ვინილის/ლინოლეუმის იატაკის აღდგენა', 'ვინილის/ლინოლეუმის იატაკის დემონტაჟი', 'თაბ.მუყ. ტიხრის აღდგენა', 'თაბ.მუყ. ჭერის/კედლის აღდგენა', 'იატაკის ლაქი', 'იატაკის პლინტუსების მოწყობა', 'კაფელ-მეტლახის/გრანიტის აღდგენა', 'ლამინირებული იატაკის ფილა', 'მდფ/ლამინირებული ავეჯის ნაწილობრივი აღდგენა', 'მოჭიმული იატაკის დემონტაჟი', 'მოჭიმული იატაკის მოწყობა', 'ნარმას ჭერის აღდგენა (ბიაზი)', 'პარკეტის იატაკის ზედაპირის მოხვეწა/შეღებვა/მონტაჟი', 'სასაწყობე ელექტრო კარი ჟალუზის აღდგენა', 'სენდვიჩ პანელის კედლის - ჭერის  ნაწილობრივი აღდგენა', 'შეღებილი ქაღალდის ჭერის/კედლის ფენილის აღდგენა', 'შპალერის აღდგენა', 'ხის იატაკის დემონტაჟი', 'ხის იატაკის მოხვეწა/შეღებვა/მონტაჟი']"
ლამინირებული იატაკის ფილა,"['აზბესტის ფილა', 'დაზიანებული იატაკის პლინტუსების დემონტაჟი', 'დაზიანებული ლამინირებული იატაკის ფილების დემონტაჟი', 'დვპ-ს ფილა', 'დიბონდი ფილა (3მმ)', 'ვინილის/ლინოლეუმის იატაკის აღდგენა', 'ვინილის/ლინოლეუმის იატაკის დემონტაჟი', 'თაბ.მუყ. ნესტგამძლე ფილა 12,5 მმ', 'იატაკის ლაქი', 'იატაკის პლინტუსების მოწყობა', 'კერამიკული ფილა', 'ლამინატის ფილა (3,6X2,1)', 'ლამინატის ფილა (3,6X2,1) დაჭრა/დაწიბოება', 'ლამინირებული იატაკის აღდგენა', 'მდფ-ის ფილა (2,88X1,2)', 'მდფ-ის ფილა (2,88X1,2) დაჭრა/დაწიბოება', 'მოჭიმული იატაკის დემონტაჟი', 'მოჭიმული იატაკის მოწყობა', 'პარკეტის იატაკის ზედაპირის მოხვეწა/შეღებვა/მონტაჟი', 'პვხ ფილა', 'პროფილირებული თუნუქის ფილა', 'სენდვიჩ პანელის კედლის ფილა', 'სენდვიჩ პანელის სახურავის ფილა', 'ფიჭური პოლიკარბონატის ფილა', 'ხის იატაკის დემონტაჟი', 'ხის იატაკის მოხვეწა/შეღებვა/მონტაჟი']"
ლამინატის ფილის საფენი,"['ლამინატის ფილა (3,6X2,1)', 'ლამინატის ფილა (3,6X2,1) დაჭრა/დაწიბოება']"
ჭერის დამუშავება/შეღებვა,"['არმსტრონგის (ნესტგამძლე) შეკიდული ჭერის მოწყობა', 'არმსტრონგის ჭერის კარკასი დეტალებით', 'გასაჭიმი ჭერის რულონი', 'დაზიანებული ჭერის ფენილის გასუფთავება', 'კედლის დამუშავება/შეღებვა', 'ნარმას ჭერის აღდგენა (ბიაზი)', 'ნარმის ჭერის დემონტაჟი', 'სენდვიჩ პანელის კედლის - ჭერის  ნაწილობრივი აღდგენა', 'სენდვიჩ პანელის კედლის - ჭერის  ნაწილობრივი დემონტაჟი', 'ფასადის დამუშავება/შეღებვა საღებავით', 'შეკიდული ჭერის Pპროფილი', 'შეკიდული ჭერის ნათურა, დღის ნათებით', 'ჭერის პროფილი, გამჭედი დუბელი და სხვ. მასალები 1მ²', 'ჭერის პროფილი, საკიდები, გამჭედი დუბელი და სხვ. მასალები 1მ²', 'ჭერის სამონტაჟო პროფილები']"
საღებავი ემულსიური (თეთრი),['საღებავი ფასადის (თეთრი)']
კედლის დამუშავება/შეღებვა,"['აგურის კედლის ამოშენება', 'აგურის კედლის დემონტაჟი', 'ბლოკის კედლის ამოშენება', 'ბლოკის კედლის დემონტაჟი', 'დაზიანებული კედლის ფენილების გასუფთავება', 'კედლის ლესვა', 'კედლის ნალესის დემონტაჟი', 'კედლის პროფილი F', 'სენდვიჩ პანელის კედლის - ჭერის  ნაწილობრივი აღდგენა', 'სენდვიჩ პანელის კედლის - ჭერის  ნაწილობრივი დემონტაჟი', 'სენდვიჩ პანელის კედლის ფილა', 'ფასადის დამუშავება/შეღებვა საღებავით', 'ჭერის დამუშავება/შეღებვა']"
ელექტროობის ერთი წერტილის ფასი,"['დაზიანებული ელექტროობის დემონტაჟი', 'ორგიმანზე ბეჭდვა (ფასი განისაზღვრება ასოებისა და გამოსახულებების რაოდენობისა და ზომების მიხედვით)']"
სანათი,['შიდა პანელური ლედ სანათი']
"ჩამრთველი ერთკლავიშა, სამონტაჟო კოლოფებით","['სამონტაჟო ქაფი', 'სამონტაჟო ქაფი 1000 მგ', 'სამონტაჟო წებო 280 მმ', 'სხვა დამხმარე სამონტაჟო მასალები', 'ფილების სამონტაჟო პლასტიკატის დეტალები', 'ჭერის სამონტაჟო პროფილები']"
"კაბელი 3X2,5 მმ²",['კაბელი 2*1.5']
კედელზე კაფელის ზედაპირის დამუშავება ფუგით  (სააბაზანოში),"['დაზიანებული კაფელ-მეტლახის დემონტაჟი სააბაზანოში', 'დაზიანებული პარკეტის ზედაპირის გასუფთავება (მოხვეწა)', 'კაფელის დაზიანებული პირაპირების აწმენდა (ფუგა)', 'პარკეტის იატაკის ზედაპირის მოხვეწა/შეღებვა/მონტაჟი', 'სენდვიჩ პანელის სახურავის გადაბმების დამუშავება გერმეტიკით.']"
შეღებილი ქაღალდის ჭერის/კედლის ფენილის აღდგენა,"['გაჯის ბათქაშის აღდგენა', 'დაზიანებული თაბ.მუყ. ჭერის/კედლის საფარის დემონტაჟი', 'დაზიანებული ჟოლობის აღდგენა', 'დაზიანებული ფენილის გასუფთავება ფასადზე', 'დაზიანებული ჭერის ფენილის გასუფთავება', 'ვინილის/ლინოლეუმის იატაკის აღდგენა', 'თაბ.მუყ. ტიხრის აღდგენა', 'თაბ.მუყ. ჭერის/კედლის აღდგენა', 'კაფელ-მეტლახის/გრანიტის აღდგენა', 'ლამინირებული იატაკის აღდგენა', 'მდფ/ლამინირებული ავეჯის ნაწილობრივი აღდგენა', 'ნარმას ჭერის აღდგენა (ბიაზი)', 'სასაწყობე ელექტრო კარი ჟალუზის აღდგენა', 'სენდვიჩ პანელის კედლის - ჭერის  ნაწილობრივი აღდგენა', 'შეღებილი ქაღალდის ჭერის/კედლის ფენილის დემონტაჟი', 'შპალერის აღდგენა']"
წებო,"['სამონტაჟო წებო 280 მმ', 'შპალერის წებო']"
ნარმას ჭერის აღდგენა (ბიაზი),"['არმსტრონგის (ნესტგამძლე) შეკიდული ჭერის მოწყობა', 'არმსტრონგის ჭერის კარკასი დეტალებით', 'გასაჭიმი ჭერის რულონი', 'გაჯის ბათქაშის აღდგენა', 'დაზიანებული ჟოლობის აღდგენა', 'დაზიანებული ჭერის ფენილის გასუფთავება', 'ვინილის/ლინოლეუმის იატაკის აღდგენა', 'თაბ.მუყ. ტიხრის აღდგენა', 'თაბ.მუყ. ჭერის/კედლის აღდგენა', 'კაფელ-მეტლახის/გრანიტის აღდგენა', 'ლამინირებული იატაკის აღდგენა', 'მდფ/ლამინირებული ავეჯის ნაწილობრივი აღდგენა', 'ნარმის ჭერის დემონტაჟი', 'სასაწყობე ელექტრო კარი ჟალუზის აღდგენა', 'სენდვიჩ პანელის კედლის - ჭერის  ნაწილობრივი აღდგენა', 'სენდვიჩ პანელის კედლის - ჭერის  ნაწილობრივი დემონტაჟი', 'შეკიდული ჭერის Pპროფილი', 'შეკიდული ჭერის ნათურა, დღის ნათებით', 'შეღებილი ქაღალდის ჭერის/კედლის ფენილის აღდგენა', 'შპალერის აღდგენა', 'ჭერის დამუშავება/შეღებვა', 'ჭერის პროფილი, გამჭედი დუბელი და სხვ. მასალები 1მ²', 'ჭერის პროფილი, საკიდები, გამჭედი დუბელი და სხვ. მასალები 1მ²', 'ჭერის სამონტაჟო პროფილები']"
პერიმეტრის პროფილი სამაგრი დეტალებით,"['ალუკაბონდის სამაგრი კონსტრუქციის მონტაჟი/დადუღება', 'არმსტრონგის ჭერის კარკასი დეტალებით', 'თუნუქის ღარის სამაგრი', 'კედლის პროფილი F', 'პლასტმასის ღარის სამაგრი', 'ქედის  პროფილი F', 'ჭერის პროფილი, გამჭედი დუბელი და სხვ. მასალები 1მ²', 'ჭერის პროფილი, საკიდები, გამჭედი დუბელი და სხვ. მასალები 1მ²']"
თაბ.მუყ. ტიხრის აღდგენა,"['გაჯის ბათქაშის აღდგენა', 'დაზიანებული თაბ.მუყ. ჭერის/კედლის საფარის დემონტაჟი', 'დაზიანებული თბ.მუყ. ტიხრის დემონტაჟი', 'დაზიანებული ჟოლობის აღდგენა', 'ვინილის/ლინოლეუმის იატაკის აღდგენა', 'თაბ.მუყ. ნესტგამძლე ფილა 12,5 მმ', 'თაბ.მუყ. ჭერის/კედლის აღდგენა', 'კაფელ-მეტლახის/გრანიტის აღდგენა', 'ლამინირებული იატაკის აღდგენა', 'მდფ/ლამინირებული ავეჯის ნაწილობრივი აღდგენა', 'ნარმას ჭერის აღდგენა (ბიაზი)', 'სასაწყობე ელექტრო კარი ჟალუზის აღდგენა', 'სენდვიჩ პანელის კედლის - ჭერის  ნაწილობრივი აღდგენა', 'შეღებილი ქაღალდის ჭერის/კედლის ფენილის აღდგენა', 'შპალერის აღდგენა']"
"ჭერის პროფილი, გამჭედი დუბელი და სხვ. მასალები 1მ²","['არმსტრონგის (ნესტგამძლე) შეკიდული ჭერის მოწყობა', 'არმსტრონგის ჭერის კარკასი დეტალებით', 'გასაჭიმი ჭერის რულონი', 'დაზიანებული ჭერის ფენილის გასუფთავება', 'იქსპიესის დუბელი', 'კედლის პროფილი F', 'ნარმას ჭერის აღდგენა (ბიაზი)', 'ნარმის ჭერის დემონტაჟი', 'ორგიმანზე ბეჭდვა (ფასი განისაზღვრება ასოებისა და გამოსახულებების რაოდენობისა და ზომების მიხედვით)', 'პერიმეტრის პროფილი სამაგრი დეტალებით', 'სენდვიჩ პანელის კედლის - ჭერის  ნაწილობრივი აღდგენა', 'სენდვიჩ პანელის კედლის - ჭერის  ნაწილობრივი დემონტაჟი', 'სხვა დამხმარე სამონტაჟო მასალები', 'სხვა მასალები', 'ქედის  პროფილი F', 'შეკიდული ჭერის Pპროფილი', 'შეკიდული ჭერის ნათურა, დღის ნათებით', 'ჭერის დამუშავება/შეღებვა', 'ჭერის პროფილი, საკიდები, გამჭედი დუბელი და სხვ. მასალები 1მ²', 'ჭერის სამონტაჟო პროფილები']"
შეკიდული ჭერი პლასტიკატი,"['არმსტრონგის (ნესტგამძლე) შეკიდული ჭერის მოწყობა', 'არმსტრონგის ჭერი', 'დაზიანებული შეკიდული ჭერი (პლასტიკატი)', 'შეკიდული ჭერის Pპროფილი', 'შეკიდული ჭერის ნათურა, დღის ნათებით']"
"შეკიდული ჭერის ნათურა, დღის ნათებით","['არმსტრონგის (ნესტგამძლე) შეკიდული ჭერის მოწყობა', 'არმსტრონგის ჭერის კარკასი დეტალებით', 'გასაჭიმი ჭერის რულონი', 'დაზიანებული შეკიდული ჭერი (პლასტიკატი)', 'დაზიანებული ჭერის ფენილის გასუფთავება', 'ნარმას ჭერის აღდგენა (ბიაზი)', 'ნარმის ჭერის დემონტაჟი', 'სენდვიჩ პანელის კედლის - ჭერის  ნაწილობრივი აღდგენა', 'სენდვიჩ პანელის კედლის - ჭერის  ნაწილობრივი დემონტაჟი', 'შეკიდული ჭერი პლასტიკატი', 'შეკიდული ჭერის Pპროფილი', 'ჭერის დამუშავება/შეღებვა', 'ჭერის პროფილი, გამჭედი დუბელი და სხვ. მასალები 1მ²', 'ჭერის პროფილი, საკიდები, გამჭედი დუბელი და სხვ. მასალები 1მ²', 'ჭერის სამონტაჟო პროფილები']"
შეკიდული ჭერის Pპროფილი,"['არმსტრონგის (ნესტგამძლე) შეკიდული ჭერის მოწყობა', 'არმსტრონგის ჭერის კარკასი დეტალებით', 'გასაჭიმი ჭერის რულონი', 'დაზიანებული შეკიდული ჭერი (პლასტიკატი)', 'დაზიანებული ჭერის ფენილის გასუფთავება', 'ნარმას ჭერის აღდგენა (ბიაზი)', 'ნარმის ჭერის დემონტაჟი', 'სენდვიჩ პანელის კედლის - ჭერის  ნაწილობრივი აღდგენა', 'სენდვიჩ პანელის კედლის - ჭერის  ნაწილობრივი დემონტაჟი', 'შეკიდული ჭერი პლასტიკატი', 'შეკიდული ჭერის ნათურა, დღის ნათებით', 'ჭერის დამუშავება/შეღებვა', 'ჭერის პროფილი, გამჭედი დუბელი და სხვ. მასალები 1მ²', 'ჭერის პროფილი, საკიდები, გამჭედი დუბელი და სხვ. მასალები 1მ²', 'ჭერის სამონტაჟო პროფილები']"
ბარისოლის მოწყობა,"['აზბესტის სახურავის მოწყობა (შიფერი)', 'არმსტრონგის (ნესტგამძლე) შეკიდული ჭერის მოწყობა', 'დაზიანებული ბარისოლის საფარის დემონტაჟი', 'თუნუქის სახურავის მოწყობა', 'იატაკის პლინტუსების მოწყობა', 'მემბრანა ტოლის მოწყობა სახურავზე', 'მოჭიმული იატაკის მოწყობა', 'პოლიკარბონატის სახურავის მოწყობა', 'რბილი იტაკის მოწყობა', 'სარეკლამო მანათობელი ყუთის მოწყობა', 'სახურავზე კრამიტის ფილების მოწყობა', 'შინგლის სახურავი/რბილი კრამიტის მოწყობა']"
გასაჭიმი ჭერის რულონი,"['არმსტრონგის (ნესტგამძლე) შეკიდული ჭერის მოწყობა', 'არმსტრონგის ჭერის კარკასი დეტალებით', 'დაზიანებული ჭერის ფენილის გასუფთავება', 'ნარმას ჭერის აღდგენა (ბიაზი)', 'ნარმის ჭერის დემონტაჟი', 'სენდვიჩ პანელის კედლის - ჭერის  ნაწილობრივი აღდგენა', 'სენდვიჩ პანელის კედლის - ჭერის  ნაწილობრივი დემონტაჟი', 'შეკიდული ჭერის Pპროფილი', 'შეკიდული ჭერის ნათურა, დღის ნათებით', 'ჭერის დამუშავება/შეღებვა', 'ჭერის პროფილი, გამჭედი დუბელი და სხვ. მასალები 1მ²', 'ჭერის პროფილი, საკიდები, გამჭედი დუბელი და სხვ. მასალები 1მ²', 'ჭერის სამონტაჟო პროფილები']"
ჭერის სამონტაჟო პროფილები,"['არმსტრონგის (ნესტგამძლე) შეკიდული ჭერის მოწყობა', 'არმსტრონგის ჭერის კარკასი დეტალებით', 'გასაჭიმი ჭერის რულონი', 'დაზიანებული ჭერის ფენილის გასუფთავება', 'ნარმას ჭერის აღდგენა (ბიაზი)', 'ნარმის ჭერის დემონტაჟი', 'სამონტაჟო ქაფი', 'სამონტაჟო ქაფი 1000 მგ', 'სამონტაჟო წებო 280 მმ', 'სენდვიჩ პანელის კედლის - ჭერის  ნაწილობრივი აღდგენა', 'სენდვიჩ პანელის კედლის - ჭერის  ნაწილობრივი დემონტაჟი', 'სხვა დამხმარე სამონტაჟო მასალები', 'ფილების სამონტაჟო პლასტიკატის დეტალები', 'შეკიდული ჭერის Pპროფილი', 'შეკიდული ჭერის ნათურა, დღის ნათებით', 'ჩამრთველი ერთკლავიშა, სამონტაჟო კოლოფებით', 'ჭერის დამუშავება/შეღებვა', 'ჭერის პროფილი, გამჭედი დუბელი და სხვ. მასალები 1მ²', 'ჭერის პროფილი, საკიდები, გამჭედი დუბელი და სხვ. მასალები 1მ²']"
მინაპაკეტის ჩანაცვლება,"['(მეტალო, ალდოქსი, იზოპროფილი) ვიტრაჟული კარის ჩანაცვლება (ორ ფრთიანი)', 'დაზიანებული მინაპაკეტის დემონტაჟი', 'მდფ/ლამინირებული ავეჯის სრული ჩანაცვლება']"
თუნუქის სახურავის მოწყობა,"['აზბესტის სახურავის დემონტაჟი (შიფერი)', 'აზბესტის სახურავის მოწყობა (შიფერი)', 'არმსტრონგის (ნესტგამძლე) შეკიდული ჭერის მოწყობა', 'ბარისოლის მოწყობა', 'დაზიანებული თუნუქის სახურავის დემონტაჟი', 'თუნუქის ჟოლობის მუხლი', 'თუნუქის ჟოლობის ღარი', 'თუნუქის ღარის სამაგრი', 'თუნუქის ღარის ძაბრი', 'იატაკის პლინტუსების მოწყობა', 'მემბრანა ტოლის მოწყობა სახურავზე', 'მოჭიმული იატაკის მოწყობა', 'პოლიკარბონატის სახურავის დემონტაჟი', 'პოლიკარბონატის სახურავის მოწყობა', 'პროფილირებული თუნუქის ფილა', 'რბილი იტაკის მოწყობა', 'სარეკლამო მანათობელი ყუთის მოწყობა', 'სახურავზე კრამიტის ფილების მოწყობა', 'სენდვიჩ პანელის სახურავის გადაბმების დამუშავება გერმეტიკით.', 'სენდვიჩ პანელის სახურავის ფილა', 'შინგლის სახურავი/რბილი კრამიტის მოწყობა']"
პროფილირებული თუნუქის ფილა,"['აზბესტის ფილა', 'დაზიანებული თუნუქის სახურავის დემონტაჟი', 'დვპ-ს ფილა', 'დიბონდი ფილა (3მმ)', 'თაბ.მუყ. ნესტგამძლე ფილა 12,5 მმ', 'თუნუქის ჟოლობის მუხლი', 'თუნუქის ჟოლობის ღარი', 'თუნუქის სახურავის მოწყობა', 'თუნუქის ღარის სამაგრი', 'თუნუქის ღარის ძაბრი', 'კერამიკული ფილა', 'ლამინატის ფილა (3,6X2,1)', 'ლამინატის ფილა (3,6X2,1) დაჭრა/დაწიბოება', 'ლამინირებული იატაკის ფილა', 'მდფ-ის ფილა (2,88X1,2)', 'მდფ-ის ფილა (2,88X1,2) დაჭრა/დაწიბოება', 'პვხ ფილა', 'სენდვიჩ პანელის კედლის ფილა', 'სენდვიჩ პანელის სახურავის ფილა', 'ფიჭური პოლიკარბონატის ფილა']"
ხის მასალა,"['პლინტუსი ხის', 'ხის იატაკის დემონტაჟი', 'ხის იატაკის მოხვეწა/შეღებვა/მონტაჟი', 'ხის კარი', 'ხის ფანჯარა', 'ხის ფანჯრის/კარის დემონტაჟი', 'ხის ფანჯრის/კარის მონტაჟი', 'ხის ფიცარი']"
ხრახნი მოთუთიებული,"['თაბაშირ მუყაოს ხრახნი', 'ლურსმანი მოთუთიებული', 'ხრახნი']"
არმსტრონგის (ნესტგამძლე) შეკიდული ჭერის მოწყობა,"['აზბესტის სახურავის მოწყობა (შიფერი)', 'არმსტრონგის ჭერი', 'არმსტრონგის ჭერის კარკასი დეტალებით', 'ბარისოლის მოწყობა', 'გასაჭიმი ჭერის რულონი', 'დაზიანებული არმსტრონგის ფილების დემონტაჟი', 'დაზიანებული შეკიდული ჭერი (პლასტიკატი)', 'დაზიანებული ჭერის ფენილის გასუფთავება', 'თაბ.მუყ. ნესტგამძლე ფილა 12,5 მმ', 'თუნუქის სახურავის მოწყობა', 'იატაკის პლინტუსების მოწყობა', 'მემბრანა ტოლის მოწყობა სახურავზე', 'მოჭიმული იატაკის მოწყობა', 'ნარმას ჭერის აღდგენა (ბიაზი)', 'ნარმის ჭერის დემონტაჟი', 'პოლიკარბონატის სახურავის მოწყობა', 'რბილი იტაკის მოწყობა', 'სარეკლამო მანათობელი ყუთის მოწყობა', 'სახურავზე კრამიტის ფილების მოწყობა', 'სენდვიჩ პანელის კედლის - ჭერის  ნაწილობრივი აღდგენა', 'სენდვიჩ პანელის კედლის - ჭერის  ნაწილობრივი დემონტაჟი', 'შეკიდული ჭერი პლასტიკატი', 'შეკიდული ჭერის Pპროფილი', 'შეკიდული ჭერის ნათურა, დღის ნათებით', 'შინგლის სახურავი/რბილი კრამიტის მოწყობა', 'ჭერის დამუშავება/შეღებვა', 'ჭერის პროფილი, გამჭედი დუბელი და სხვ. მასალები 1მ²', 'ჭერის პროფილი, საკიდები, გამჭედი დუბელი და სხვ. მასალები 1მ²', 'ჭერის სამონტაჟო პროფილები']"
არმსტრონგის ჭერი,"['არმსტრონგის (ნესტგამძლე) შეკიდული ჭერის მოწყობა', 'არმსტრონგის ჭერის კარკასი დეტალებით', 'დაზიანებული არმსტრონგის ფილების დემონტაჟი', 'დაზიანებული შეკიდული ჭერი (პლასტიკატი)', 'შეკიდული ჭერი პლასტიკატი']"
არმსტრონგის ჭერის კარკასი დეტალებით,"['არმსტრონგის (ნესტგამძლე) შეკიდული ჭერის მოწყობა', 'არმსტრონგის ჭერი', 'გასაჭიმი ჭერის რულონი', 'დაზიანებული არმსტრონგის ფილების დემონტაჟი', 'დაზიანებული ჭერის ფენილის გასუფთავება', 'ნარმას ჭერის აღდგენა (ბიაზი)', 'ნარმის ჭერის დემონტაჟი', 'პერიმეტრის პროფილი სამაგრი დეტალებით', 'სენდვიჩ პანელის კედლის - ჭერის  ნაწილობრივი აღდგენა', 'სენდვიჩ პანელის კედლის - ჭერის  ნაწილობრივი დემონტაჟი', 'შეკიდული ჭერის Pპროფილი', 'შეკიდული ჭერის ნათურა, დღის ნათებით', 'ჭერის დამუშავება/შეღებვა', 'ჭერის პროფილი, გამჭედი დუბელი და სხვ. მასალები 1მ²', 'ჭერის პროფილი, საკიდები, გამჭედი დუბელი და სხვ. მასალები 1მ²', 'ჭერის სამონტაჟო პროფილები']"
"(მეტალო, ალდოქსი, იზოპროფილი) ვიტრაჟული კარის ჩანაცვლება (ორ ფრთიანი)","['ახალი მდფ-ის  კარის ბლოკის მონტაჟი', 'დაზიანებული ვიტრაჟული კარის/ფანჯრის დემონტაჟი', 'დაზიანებული მდფ -ს კარის ბლოკის დემონტაჟი', 'თერმო ალუმინის (ალდოქსი) კარები ერთფრთიანი', 'თერმო ალუმინის (ალდოქსი) ფანჯარა ერთფრთიანი', 'თერმო ალუმინის კარები (ალდოქსი) ორფრთიანი', 'თერმო ალუმინის ფანჯარა (ალდოქსი) ორფრთიანი', 'თერმო ალუმინის ფანჯარა (ალდოქსი) სამფრთიანი', 'კარის ბლოკი', 'მდფ/ლამინირებული ავეჯის სრული ჩანაცვლება', 'მეტალო პლასტმასის კარები ერთფრთიანი', 'მეტალო პლასტმასის კარები ორფრთიანი', 'მეტალო პლასტმასის ფანჯარა ერთფრთიანი', 'მეტალო პლასტმასის ფანჯარა ორფრთიანი', 'მეტალო პლასტმასის ფანჯარა სამფრთიანი', 'მინაპაკეტის ჩანაცვლება']"
თერმო ალუმინის (ალდოქსი) კარები ერთფრთიანი,"['(მეტალო, ალდოქსი, იზოპროფილი) ვიტრაჟული კარის ჩანაცვლება (ორ ფრთიანი)', 'თერმო ალუმინის (ალდოქსი) ფანჯარა ერთფრთიანი', 'თერმო ალუმინის კარები (ალდოქსი) ორფრთიანი', 'თერმო ალუმინის ფანჯარა (ალდოქსი) ორფრთიანი', 'თერმო ალუმინის ფანჯარა (ალდოქსი) სამფრთიანი', 'იზოპროფილის კარები ერთფრიანი', 'იზოპროფილის კარები ორფრთიანი', 'იზოპროფილის ფანჯარა ერთფრთიანი', 'მეტალო პლასტმასის კარები ერთფრთიანი', 'მეტალო პლასტმასის კარები ორფრთიანი', 'მეტალო პლასტმასის ფანჯარა ერთფრთიანი']"
თერმო ალუმინის კარები (ალდოქსი) ორფრთიანი,"['(მეტალო, ალდოქსი, იზოპროფილი) ვიტრაჟული კარის ჩანაცვლება (ორ ფრთიანი)', 'თერმო ალუმინის (ალდოქსი) კარები ერთფრთიანი', 'თერმო ალუმინის (ალდოქსი) ფანჯარა ერთფრთიანი', 'თერმო ალუმინის ფანჯარა (ალდოქსი) ორფრთიანი', 'თერმო ალუმინის ფანჯარა (ალდოქსი) სამფრთიანი', 'იზოპროფილის კარები ერთფრიანი', 'იზოპროფილის კარები ორფრთიანი', 'იზოპროფილის ფანჯარა ორფრთიანი', 'მეტალო პლასტმასის კარები ერთფრთიანი', 'მეტალო პლასტმასის კარები ორფრთიანი', 'მეტალო პლასტმასის ფანჯარა ორფრთიანი']"
იზოპროფილის კარები ერთფრიანი,"['თერმო ალუმინის (ალდოქსი) კარები ერთფრთიანი', 'თერმო ალუმინის კარები (ალდოქსი) ორფრთიანი', 'იზოპროფილის კარები ორფრთიანი', 'იზოპროფილის ფანჯარა ერთფრთიანი', 'იზოპროფილის ფანჯარა ორფრთიანი', 'იზოპროფილის ფანჯარა სამფრთიანი', 'მეტალო პლასტმასის კარები ერთფრთიანი', 'მეტალო პლასტმასის კარები ორფრთიანი']"
იზოპროფილის კარები ორფრთიანი,"['თერმო ალუმინის (ალდოქსი) კარები ერთფრთიანი', 'თერმო ალუმინის კარები (ალდოქსი) ორფრთიანი', 'თერმო ალუმინის ფანჯარა (ალდოქსი) ორფრთიანი', 'იზოპროფილის კარები ერთფრიანი', 'იზოპროფილის ფანჯარა ერთფრთიანი', 'იზოპროფილის ფანჯარა ორფრთიანი', 'იზოპროფილის ფანჯარა სამფრთიანი', 'მეტალო პლასტმასის კარები ერთფრთიანი', 'მეტალო პლასტმასის კარები ორფრთიანი', 'მეტალო პლასტმასის ფანჯარა ორფრთიანი']"
მეტალო პლასტმასის კარები ერთფრთიანი,"['(მეტალო, ალდოქსი, იზოპროფილი) ვიტრაჟული კარის ჩანაცვლება (ორ ფრთიანი)', 'თერმო ალუმინის (ალდოქსი) კარები ერთფრთიანი', 'თერმო ალუმინის (ალდოქსი) ფანჯარა ერთფრთიანი', 'თერმო ალუმინის კარები (ალდოქსი) ორფრთიანი', 'იზოპროფილის კარები ერთფრიანი', 'იზოპროფილის კარები ორფრთიანი', 'იზოპროფილის ფანჯარა ერთფრთიანი', 'მეტალო პლასტმასის კარები ორფრთიანი', 'მეტალო პლასტმასის ფანჯარა ერთფრთიანი', 'მეტალო პლასტმასის ფანჯარა ორფრთიანი', 'მეტალო პლასტმასის ფანჯარა სამფრთიანი', 'პლასტმასის ჟოლობის მუხლი', 'პლასტმასის ჟოლობის ღარი', 'პლასტმასის ღარის სამაგრი', 'პლასტმასის ღარის ძაბრი', 'პლასტმასის ხუფი', 'პლინტუსი პლასტმასის']"
მეტალო პლასტმასის კარები ორფრთიანი,"['(მეტალო, ალდოქსი, იზოპროფილი) ვიტრაჟული კარის ჩანაცვლება (ორ ფრთიანი)', 'თერმო ალუმინის (ალდოქსი) კარები ერთფრთიანი', 'თერმო ალუმინის კარები (ალდოქსი) ორფრთიანი', 'თერმო ალუმინის ფანჯარა (ალდოქსი) ორფრთიანი', 'იზოპროფილის კარები ერთფრიანი', 'იზოპროფილის კარები ორფრთიანი', 'იზოპროფილის ფანჯარა ორფრთიანი', 'მეტალო პლასტმასის კარები ერთფრთიანი', 'მეტალო პლასტმასის ფანჯარა ერთფრთიანი', 'მეტალო პლასტმასის ფანჯარა ორფრთიანი', 'მეტალო პლასტმასის ფანჯარა სამფრთიანი', 'პლასტმასის ჟოლობის მუხლი', 'პლასტმასის ჟოლობის ღარი', 'პლასტმასის ღარის სამაგრი', 'პლასტმასის ღარის ძაბრი', 'პლასტმასის ხუფი', 'პლინტუსი პლასტმასის']"
თერმო ალუმინის (ალდოქსი) ფანჯარა ერთფრთიანი,"['(მეტალო, ალდოქსი, იზოპროფილი) ვიტრაჟული კარის ჩანაცვლება (ორ ფრთიანი)', 'თერმო ალუმინის (ალდოქსი) კარები ერთფრთიანი', 'თერმო ალუმინის კარები (ალდოქსი) ორფრთიანი', 'თერმო ალუმინის ფანჯარა (ალდოქსი) ორფრთიანი', 'თერმო ალუმინის ფანჯარა (ალდოქსი) სამფრთიანი', 'იზოპროფილის ფანჯარა ერთფრთიანი', 'იზოპროფილის ფანჯარა ორფრთიანი', 'იზოპროფილის ფანჯარა სამფრთიანი', 'მეტალო პლასტმასის კარები ერთფრთიანი', 'მეტალო პლასტმასის ფანჯარა ერთფრთიანი', 'მეტალო პლასტმასის ფანჯარა ორფრთიანი', 'მეტალო პლასტმასის ფანჯარა სამფრთიანი', 'ხის ფანჯარა']"
თერმო ალუმინის ფანჯარა (ალდოქსი) ორფრთიანი,"['(მეტალო, ალდოქსი, იზოპროფილი) ვიტრაჟული კარის ჩანაცვლება (ორ ფრთიანი)', 'თერმო ალუმინის (ალდოქსი) კარები ერთფრთიანი', 'თერმო ალუმინის (ალდოქსი) ფანჯარა ერთფრთიანი', 'თერმო ალუმინის კარები (ალდოქსი) ორფრთიანი', 'თერმო ალუმინის ფანჯარა (ალდოქსი) სამფრთიანი', 'იზოპროფილის კარები ორფრთიანი', 'იზოპროფილის ფანჯარა ერთფრთიანი', 'იზოპროფილის ფანჯარა ორფრთიანი', 'იზოპროფილის ფანჯარა სამფრთიანი', 'მეტალო პლასტმასის კარები ორფრთიანი', 'მეტალო პლასტმასის ფანჯარა ერთფრთიანი', 'მეტალო პლასტმასის ფანჯარა ორფრთიანი', 'მეტალო პლასტმასის ფანჯარა სამფრთიანი', 'ხის ფანჯარა']"
თერმო ალუმინის ფანჯარა (ალდოქსი) სამფრთიანი,"['(მეტალო, ალდოქსი, იზოპროფილი) ვიტრაჟული კარის ჩანაცვლება (ორ ფრთიანი)', 'თერმო ალუმინის (ალდოქსი) კარები ერთფრთიანი', 'თერმო ალუმინის (ალდოქსი) ფანჯარა ერთფრთიანი', 'თერმო ალუმინის კარები (ალდოქსი) ორფრთიანი', 'თერმო ალუმინის ფანჯარა (ალდოქსი) ორფრთიანი', 'იზოპროფილის ფანჯარა ერთფრთიანი', 'იზოპროფილის ფანჯარა ორფრთიანი', 'იზოპროფილის ფანჯარა სამფრთიანი', 'მეტალო პლასტმასის ფანჯარა ერთფრთიანი', 'მეტალო პლასტმასის ფანჯარა ორფრთიანი', 'მეტალო პლასტმასის ფანჯარა სამფრთიანი', 'ხის ფანჯარა']"
იზოპროფილის ფანჯარა ერთფრთიანი,"['თერმო ალუმინის (ალდოქსი) კარები ერთფრთიანი', 'თერმო ალუმინის (ალდოქსი) ფანჯარა ერთფრთიანი', 'თერმო ალუმინის ფანჯარა (ალდოქსი) ორფრთიანი', 'თერმო ალუმინის ფანჯარა (ალდოქსი) სამფრთიანი', 'იზოპროფილის კარები ერთფრიანი', 'იზოპროფილის კარები ორფრთიანი', 'იზოპროფილის ფანჯარა ორფრთიანი', 'იზოპროფილის ფანჯარა სამფრთიანი', 'მეტალო პლასტმასის კარები ერთფრთიანი', 'მეტალო პლასტმასის ფანჯარა ერთფრთიანი', 'მეტალო პლასტმასის ფანჯარა ორფრთიანი', 'მეტალო პლასტმასის ფანჯარა სამფრთიანი', 'ხის ფანჯარა']"
იზოპროფილის ფანჯარა ორფრთიანი,"['თერმო ალუმინის (ალდოქსი) ფანჯარა ერთფრთიანი', 'თერმო ალუმინის კარები (ალდოქსი) ორფრთიანი', 'თერმო ალუმინის ფანჯარა (ალდოქსი) ორფრთიანი', 'თერმო ალუმინის ფანჯარა (ალდოქსი) სამფრთიანი', 'იზოპროფილის კარები ერთფრიანი', 'იზოპროფილის კარები ორფრთიანი', 'იზოპროფილის ფანჯარა ერთფრთიანი', 'იზოპროფილის ფანჯარა სამფრთიანი', 'მეტალო პლასტმასის კარები ორფრთიანი', 'მეტალო პლასტმასის ფანჯარა ერთფრთიანი', 'მეტალო პლასტმასის ფანჯარა ორფრთიანი', 'მეტალო პლასტმასის ფანჯარა სამფრთიანი', 'ხის ფანჯარა']"
იზოპროფილის ფანჯარა სამფრთიანი,"['თერმო ალუმინის (ალდოქსი) ფანჯარა ერთფრთიანი', 'თერმო ალუმინის ფანჯარა (ალდოქსი) ორფრთიანი', 'თერმო ალუმინის ფანჯარა (ალდოქსი) სამფრთიანი', 'იზოპროფილის კარები ერთფრიანი', 'იზოპროფილის კარები ორფრთიანი', 'იზოპროფილის ფანჯარა ერთფრთიანი', 'იზოპროფილის ფანჯარა ორფრთიანი', 'მეტალო პლასტმასის ფანჯარა ერთფრთიანი', 'მეტალო პლასტმასის ფანჯარა ორფრთიანი', 'მეტალო პლასტმასის ფანჯარა სამფრთიანი', 'ხის ფანჯარა']"
მეტალო პლასტმასის ფანჯარა ერთფრთიანი,"['(მეტალო, ალდოქსი, იზოპროფილი) ვიტრაჟული კარის ჩანაცვლება (ორ ფრთიანი)', 'თერმო ალუმინის (ალდოქსი) კარები ერთფრთიანი', 'თერმო ალუმინის (ალდოქსი) ფანჯარა ერთფრთიანი', 'თერმო ალუმინის ფანჯარა (ალდოქსი) ორფრთიანი', 'თერმო ალუმინის ფანჯარა (ალდოქსი) სამფრთიანი', 'იზოპროფილის ფანჯარა ერთფრთიანი', 'იზოპროფილის ფანჯარა ორფრთიანი', 'იზოპროფილის ფანჯარა სამფრთიანი', 'მეტალო პლასტმასის კარები ერთფრთიანი', 'მეტალო პლასტმასის კარები ორფრთიანი', 'მეტალო პლასტმასის ფანჯარა ორფრთიანი', 'მეტალო პლასტმასის ფანჯარა სამფრთიანი', 'პლასტმასის ჟოლობის მუხლი', 'პლასტმასის ჟოლობის ღარი', 'პლასტმასის ღარის სამაგრი', 'პლასტმასის ღარის ძაბრი', 'პლასტმასის ხუფი', 'პლინტუსი პლასტმასის', 'ხის ფანჯარა']"
მეტალო პლასტმასის ფანჯარა ორფრთიანი,"['(მეტალო, ალდოქსი, იზოპროფილი) ვიტრაჟული კარის ჩანაცვლება (ორ ფრთიანი)', 'თერმო ალუმინის (ალდოქსი) ფანჯარა ერთფრთიანი', 'თერმო ალუმინის კარები (ალდოქსი) ორფრთიანი', 'თერმო ალუმინის ფანჯარა (ალდოქსი) ორფრთიანი', 'თერმო ალუმინის ფანჯარა (ალდოქსი) სამფრთიანი', 'იზოპროფილის კარები ორფრთიანი', 'იზოპროფილის ფანჯარა ერთფრთიანი', 'იზოპროფილის ფანჯარა ორფრთიანი', 'იზოპროფილის ფანჯარა სამფრთიანი', 'მეტალო პლასტმასის კარები ერთფრთიანი', 'მეტალო პლასტმასის კარები ორფრთიანი', 'მეტალო პლასტმასის ფანჯარა ერთფრთიანი', 'მეტალო პლასტმასის ფანჯარა სამფრთიანი', 'პლასტმასის ჟოლობის მუხლი', 'პლასტმასის ჟოლობის ღარი', 'პლასტმასის ღარის სამაგრი', 'პლასტმასის ღარის ძაბრი', 'პლასტმასის ხუფი', 'პლინტუსი პლასტმასის', 'ხის ფანჯარა']"
მეტალო პლასტმასის ფანჯარა სამფრთიანი,"['(მეტალო, ალდოქსი, იზოპროფილი) ვიტრაჟული კარის ჩანაცვლება (ორ ფრთიანი)', 'თერმო ალუმინის (ალდოქსი) ფანჯარა ერთფრთიანი', 'თერმო ალუმინის ფანჯარა (ალდოქსი) ორფრთიანი', 'თერმო ალუმინის ფანჯარა (ალდოქსი) სამფრთიანი', 'იზოპროფილის ფანჯარა ერთფრთიანი', 'იზოპროფილის ფანჯარა ორფრთიანი', 'იზოპროფილის ფანჯარა სამფრთიანი', 'მეტალო პლასტმასის კარები ერთფრთიანი', 'მეტალო პლასტმასის კარები ორფრთიანი', 'მეტალო პლასტმასის ფანჯარა ერთფრთიანი', 'მეტალო პლასტმასის ფანჯარა ორფრთიანი', 'პლასტმასის ჟოლობის მუხლი', 'პლასტმასის ჟოლობის ღარი', 'პლასტმასის ღარის სამაგრი', 'პლასტმასის ღარის ძაბრი', 'პლასტმასის ხუფი', 'პლინტუსი პლასტმასის', 'ხის ფანჯარა']"
სამონტაჟო ქაფი,"['სამონტაჟო ქაფი 1000 მგ', 'სამონტაჟო წებო 280 მმ', 'სხვა დამხმარე სამონტაჟო მასალები', 'ფილების სამონტაჟო პლასტიკატის დეტალები', 'ჩამრთველი ერთკლავიშა, სამონტაჟო კოლოფებით', 'ჭერის სამონტაჟო პროფილები']"
ახალი მდფ-ის  კარის ბლოკის მონტაჟი,"['(მეტალო, ალდოქსი, იზოპროფილი) ვიტრაჟული კარის ჩანაცვლება (ორ ფრთიანი)', 'ბლოკის კედლის ამოშენება', 'ბლოკის კედლის დემონტაჟი', 'დაზიანებული მდფ -ს კარის ბლოკის დემონტაჟი', 'კარის ბლოკი', 'მდფ-ის ავეჯის სრული დემონტაჟი', 'მდფ-ის დაზიანებული ნაწილების დემონტაჟი', 'მდფ-ის ფილა (2,88X1,2)', 'მდფ-ის ფილა (2,88X1,2) დაჭრა/დაწიბოება', 'პლინტუსი მდფ-ის', 'ხის ფანჯრის/კარის მონტაჟი']"
კარის ბლოკი,"['(მეტალო, ალდოქსი, იზოპროფილი) ვიტრაჟული კარის ჩანაცვლება (ორ ფრთიანი)', 'ახალი მდფ-ის  კარის ბლოკის მონტაჟი', 'ბლოკი 0.40*0.20*0.20', 'დაზიანებული მდფ -ს კარის ბლოკის დემონტაჟი']"
სამონტაჟო ქაფი 1000 მგ,"['სამონტაჟო ქაფი', 'სამონტაჟო წებო 280 მმ', 'სხვა დამხმარე სამონტაჟო მასალები', 'ფილების სამონტაჟო პლასტიკატის დეტალები', 'ჩამრთველი ერთკლავიშა, სამონტაჟო კოლოფებით', 'ჭერის სამონტაჟო პროფილები']"
ბლოკის კედლის ამოშენება,"['აგურის კედლის ამოშენება', 'აგურის კედლის დემონტაჟი', 'ახალი მდფ-ის  კარის ბლოკის მონტაჟი', 'ბლოკის კედლის დემონტაჟი', 'დაზიანებული კედლის ფენილების გასუფთავება', 'დაზიანებული მდფ -ს კარის ბლოკის დემონტაჟი', 'კედლის დამუშავება/შეღებვა', 'კედლის ლესვა', 'კედლის ნალესის დემონტაჟი', 'კედლის პროფილი F', 'სენდვიჩ პანელის კედლის - ჭერის  ნაწილობრივი აღდგენა', 'სენდვიჩ პანელის კედლის - ჭერის  ნაწილობრივი დემონტაჟი', 'სენდვიჩ პანელის კედლის ფილა']"
ბლოკი 0.40*0.20*0.20,['კარის ბლოკი']
დაზიანებული ჟოლობის აღდგენა,"['გაჯის ბათქაშის აღდგენა', 'დაზიანებული არმსტრონგის ფილების დემონტაჟი', 'დაზიანებული ბარისოლის საფარის დემონტაჟი', 'დაზიანებული ელექტროობის დემონტაჟი', 'დაზიანებული ვიტრაჟული კარის/ფანჯრის დემონტაჟი', 'დაზიანებული თაბ.მუყ. ჭერის/კედლის საფარის დემონტაჟი', 'დაზიანებული თბ.მუყ. ტიხრის დემონტაჟი', 'დაზიანებული თუნუქის სახურავის დემონტაჟი', 'დაზიანებული იატაკის პლინტუსების დემონტაჟი', 'დაზიანებული კაფელ-მეტლახის დემონტაჟი სააბაზანოში', 'დაზიანებული კედლის ფენილების გასუფთავება', 'დაზიანებული ლამინირებული იატაკის ფილების დემონტაჟი', 'დაზიანებული მდფ -ს კარის ბლოკის დემონტაჟი', 'დაზიანებული მემბრანა ტოლის დემონტაჟი სახურავზე', 'დაზიანებული მინაპაკეტის დემონტაჟი', 'დაზიანებული პარკეტის დემონტაჟი', 'დაზიანებული პარკეტის ზედაპირის გასუფთავება (მოხვეწა)', 'დაზიანებული ჟოლობის დემონტაჟი', 'დაზიანებული ფენილის გასუფთავება ფასადზე', 'დაზიანებული შეკიდული ჭერი (პლასტიკატი)', 'დაზიანებული შპალერის მოხსნა', 'დაზიანებული ჭერის ფენილის გასუფთავება', 'ვინილის/ლინოლეუმის იატაკის აღდგენა', 'თაბ.მუყ. ტიხრის აღდგენა', 'თაბ.მუყ. ჭერის/კედლის აღდგენა', 'თუნუქის ჟოლობის მუხლი', 'თუნუქის ჟოლობის ღარი', 'კაფელ-მეტლახის/გრანიტის აღდგენა', 'კაფელის დაზიანებული პირაპირების აწმენდა (ფუგა)', 'ლამინირებული იატაკის აღდგენა', 'მდფ-ის დაზიანებული ნაწილების დემონტაჟი', 'მდფ/ლამინირებული ავეჯის ნაწილობრივი აღდგენა', 'ნარმას ჭერის აღდგენა (ბიაზი)', 'პლასტმასის ჟოლობის მუხლი', 'პლასტმასის ჟოლობის ღარი', 'სასაწყობე ელექტრო კარი ჟალუზის აღდგენა', 'სენდვიჩ პანელის კედლის - ჭერის  ნაწილობრივი აღდგენა', 'შეღებილი ქაღალდის ჭერის/კედლის ფენილის აღდგენა', 'შპალერის აღდგენა']"
პლასტმასის ჟოლობის ღარი,"['დაზიანებული ჟოლობის აღდგენა', 'დაზიანებული ჟოლობის დემონტაჟი', 'თუნუქის ჟოლობის მუხლი', 'თუნუქის ჟოლობის ღარი', 'მეტალო პლასტმასის კარები ერთფრთიანი', 'მეტალო პლასტმასის კარები ორფრთიანი', 'მეტალო პლასტმასის ფანჯარა ერთფრთიანი', 'მეტალო პლასტმასის ფანჯარა ორფრთიანი', 'მეტალო პლასტმასის ფანჯარა სამფრთიანი', 'პლასტმასის ჟოლობის მუხლი', 'პლასტმასის ღარის სამაგრი', 'პლასტმასის ღარის ძაბრი', 'პლასტმასის ხუფი', 'პლინტუსი პლასტმასის']"
პლასტმასის ღარის ძაბრი,"['თუნუქის ღარის სამაგრი', 'თუნუქის ღარის ძაბრი', 'მეტალო პლასტმასის კარები ერთფრთიანი', 'მეტალო პლასტმასის კარები ორფრთიანი', 'მეტალო პლასტმასის ფანჯარა ერთფრთიანი', 'მეტალო პლასტმასის ფანჯარა ორფრთიანი', 'მეტალო პლასტმასის ფანჯარა სამფრთიანი', 'პლასტმასის ჟოლობის მუხლი', 'პლასტმასის ჟოლობის ღარი', 'პლასტმასის ღარის სამაგრი', 'პლასტმასის ხუფი', 'პლინტუსი პლასტმასის']"
პლასტმასის ღარის სამაგრი,"['ალუკაბონდის სამაგრი კონსტრუქციის მონტაჟი/დადუღება', 'თუნუქის ღარის სამაგრი', 'თუნუქის ღარის ძაბრი', 'მეტალო პლასტმასის კარები ერთფრთიანი', 'მეტალო პლასტმასის კარები ორფრთიანი', 'მეტალო პლასტმასის ფანჯარა ერთფრთიანი', 'მეტალო პლასტმასის ფანჯარა ორფრთიანი', 'მეტალო პლასტმასის ფანჯარა სამფრთიანი', 'პერიმეტრის პროფილი სამაგრი დეტალებით', 'პლასტმასის ჟოლობის მუხლი', 'პლასტმასის ჟოლობის ღარი', 'პლასტმასის ღარის ძაბრი', 'პლასტმასის ხუფი', 'პლინტუსი პლასტმასის']"
პლასტმასის ჟოლობის მუხლი,"['დაზიანებული ჟოლობის აღდგენა', 'დაზიანებული ჟოლობის დემონტაჟი', 'თუნუქის ჟოლობის მუხლი', 'თუნუქის ჟოლობის ღარი', 'მეტალო პლასტმასის კარები ერთფრთიანი', 'მეტალო პლასტმასის კარები ორფრთიანი', 'მეტალო პლასტმასის ფანჯარა ერთფრთიანი', 'მეტალო პლასტმასის ფანჯარა ორფრთიანი', 'მეტალო პლასტმასის ფანჯარა სამფრთიანი', 'პლასტმასის ჟოლობის ღარი', 'პლასტმასის ღარის სამაგრი', 'პლასტმასის ღარის ძაბრი', 'პლასტმასის ხუფი', 'პლინტუსი პლასტმასის']"
თუნუქის ჟოლობის ღარი,"['დაზიანებული თუნუქის სახურავის დემონტაჟი', 'დაზიანებული ჟოლობის აღდგენა', 'დაზიანებული ჟოლობის დემონტაჟი', 'თუნუქის ჟოლობის მუხლი', 'თუნუქის სახურავის მოწყობა', 'თუნუქის ღარის სამაგრი', 'თუნუქის ღარის ძაბრი', 'პლასტმასის ჟოლობის მუხლი', 'პლასტმასის ჟოლობის ღარი', 'პროფილირებული თუნუქის ფილა']"
თუნუქის ღარის ძაბრი,"['დაზიანებული თუნუქის სახურავის დემონტაჟი', 'თუნუქის ჟოლობის მუხლი', 'თუნუქის ჟოლობის ღარი', 'თუნუქის სახურავის მოწყობა', 'თუნუქის ღარის სამაგრი', 'პლასტმასის ღარის სამაგრი', 'პლასტმასის ღარის ძაბრი', 'პროფილირებული თუნუქის ფილა']"
თუნუქის ღარის სამაგრი,"['ალუკაბონდის სამაგრი კონსტრუქციის მონტაჟი/დადუღება', 'დაზიანებული თუნუქის სახურავის დემონტაჟი', 'თუნუქის ჟოლობის მუხლი', 'თუნუქის ჟოლობის ღარი', 'თუნუქის სახურავის მოწყობა', 'თუნუქის ღარის ძაბრი', 'პერიმეტრის პროფილი სამაგრი დეტალებით', 'პლასტმასის ღარის სამაგრი', 'პლასტმასის ღარის ძაბრი', 'პროფილირებული თუნუქის ფილა']"
თუნუქის ჟოლობის მუხლი,"['დაზიანებული თუნუქის სახურავის დემონტაჟი', 'დაზიანებული ჟოლობის აღდგენა', 'დაზიანებული ჟოლობის დემონტაჟი', 'თუნუქის ჟოლობის ღარი', 'თუნუქის სახურავის მოწყობა', 'თუნუქის ღარის სამაგრი', 'თუნუქის ღარის ძაბრი', 'პლასტმასის ჟოლობის მუხლი', 'პლასტმასის ჟოლობის ღარი', 'პროფილირებული თუნუქის ფილა']"
მემბრანა ტოლის მოწყობა სახურავზე,"['აზბესტის სახურავის მოწყობა (შიფერი)', 'არმსტრონგის (ნესტგამძლე) შეკიდული ჭერის მოწყობა', 'ბარისოლის მოწყობა', 'დაზიანებული მემბრანა ტოლის დემონტაჟი სახურავზე', 'დიფუზიური მემბრანა', 'თუნუქის სახურავის მოწყობა', 'იატაკის პლინტუსების მოწყობა', 'მემბრანა ტოლი (ორი პირი)', 'მოჭიმული იატაკის მოწყობა', 'პოლიკარბონატის სახურავის მოწყობა', 'რბილი იტაკის მოწყობა', 'სარეკლამო მანათობელი ყუთის მოწყობა', 'სახურავზე კრამიტის ფილების დემონტაჟი', 'სახურავზე კრამიტის ფილების მოწყობა', 'შინგლის სახურავი/რბილი კრამიტის მოწყობა']"
მემბრანა ტოლი (ორი პირი),"['დაზიანებული მემბრანა ტოლის დემონტაჟი სახურავზე', 'დიფუზიური მემბრანა', 'მემბრანა ტოლის მოწყობა სახურავზე']"
სასაწყობე ელექტრო კარი ჟალუზის აღდგენა,"['გაჯის ბათქაშის აღდგენა', 'დაზიანებული ჟოლობის აღდგენა', 'ვინილის/ლინოლეუმის იატაკის აღდგენა', 'თაბ.მუყ. ტიხრის აღდგენა', 'თაბ.მუყ. ჭერის/კედლის აღდგენა', 'კაფელ-მეტლახის/გრანიტის აღდგენა', 'ლამინირებული იატაკის აღდგენა', 'მდფ/ლამინირებული ავეჯის ნაწილობრივი აღდგენა', 'ნარმას ჭერის აღდგენა (ბიაზი)', 'სასაწყობე ელექტრო კარი ჟალუზის დემონტაჟი', 'სენდვიჩ პანელის კედლის - ჭერის  ნაწილობრივი აღდგენა', 'შეღებილი ქაღალდის ჭერის/კედლის ფენილის აღდგენა', 'შპალერის აღდგენა', 'ხის კარი']"
პლასტმასის ხუფი,"['მეტალო პლასტმასის კარები ერთფრთიანი', 'მეტალო პლასტმასის კარები ორფრთიანი', 'მეტალო პლასტმასის ფანჯარა ერთფრთიანი', 'მეტალო პლასტმასის ფანჯარა ორფრთიანი', 'მეტალო პლასტმასის ფანჯარა სამფრთიანი', 'პლასტმასის ჟოლობის მუხლი', 'პლასტმასის ჟოლობის ღარი', 'პლასტმასის ღარის სამაგრი', 'პლასტმასის ღარის ძაბრი', 'პლინტუსი პლასტმასის']"
ფოლადის საკიდები,"['ჭერის პროფილი, საკიდები, გამჭედი დუბელი და სხვ. მასალები 1მ²']"
სახურავზე კრამიტის ფილების მოწყობა,"['აზბესტის სახურავის მოწყობა (შიფერი)', 'არმსტრონგის (ნესტგამძლე) შეკიდული ჭერის მოწყობა', 'ბარისოლის მოწყობა', 'დაზიანებული არმსტრონგის ფილების დემონტაჟი', 'დაზიანებული ლამინირებული იატაკის ფილების დემონტაჟი', 'დაზიანებული მემბრანა ტოლის დემონტაჟი სახურავზე', 'თუნუქის სახურავის მოწყობა', 'იატაკის პლინტუსების მოწყობა', 'მემბრანა ტოლის მოწყობა სახურავზე', 'მოჭიმული იატაკის მოწყობა', 'პოლიკარბონატის სახურავის მოწყობა', 'რბილი იტაკის მოწყობა', 'სარეკლამო მანათობელი ყუთის მოწყობა', 'სახურავზე კრამიტის ფილების დემონტაჟი', 'ფილების სამონტაჟო პლასტიკატის დეტალები', 'შინგლის სახურავი/რბილი კრამიტის მოწყობა', 'შინგლის/რბილი კრამიტის დემონტაჟი']"
კრამიტი უცხოურ ბაზარზე,"['კრამიტი ადგილობრივ ბაზარზე (მეორადი)', 'კრამიტი ბიტუმის დრეკადი']"
კრამიტი ადგილობრივ ბაზარზე (მეორადი),"['კრამიტი ბიტუმის დრეკადი', 'კრამიტი უცხოურ ბაზარზე']"
დიფუზიური მემბრანა,"['დაზიანებული მემბრანა ტოლის დემონტაჟი სახურავზე', 'მემბრანა ტოლი (ორი პირი)', 'მემბრანა ტოლის მოწყობა სახურავზე']"
სხვა დამხმარე სამონტაჟო მასალები,"['სამონტაჟო ქაფი', 'სამონტაჟო ქაფი 1000 მგ', 'სამონტაჟო წებო 280 მმ', 'სხვა მასალები', 'ფილების სამონტაჟო პლასტიკატის დეტალები', 'ჩამრთველი ერთკლავიშა, სამონტაჟო კოლოფებით', 'ჭერის პროფილი, გამჭედი დუბელი და სხვ. მასალები 1მ²', 'ჭერის პროფილი, საკიდები, გამჭედი დუბელი და სხვ. მასალები 1მ²', 'ჭერის სამონტაჟო პროფილები']"
პოლიკარბონატის სახურავის მოწყობა,"['აზბესტის სახურავის დემონტაჟი (შიფერი)', 'აზბესტის სახურავის მოწყობა (შიფერი)', 'არმსტრონგის (ნესტგამძლე) შეკიდული ჭერის მოწყობა', 'ბარისოლის მოწყობა', 'დაზიანებული თუნუქის სახურავის დემონტაჟი', 'თუნუქის სახურავის მოწყობა', 'იატაკის პლინტუსების მოწყობა', 'მემბრანა ტოლის მოწყობა სახურავზე', 'მოჭიმული იატაკის მოწყობა', 'პოლიკარბონატის სახურავის დემონტაჟი', 'რბილი იტაკის მოწყობა', 'სარეკლამო მანათობელი ყუთის მოწყობა', 'სახურავზე კრამიტის ფილების მოწყობა', 'სენდვიჩ პანელის სახურავის გადაბმების დამუშავება გერმეტიკით.', 'სენდვიჩ პანელის სახურავის ფილა', 'ფიჭური პოლიკარბონატის ფილა', 'შინგლის სახურავი/რბილი კრამიტის მოწყობა']"
ფიჭური პოლიკარბონატის ფილა,"['აზბესტის ფილა', 'დვპ-ს ფილა', 'დიბონდი ფილა (3მმ)', 'თაბ.მუყ. ნესტგამძლე ფილა 12,5 მმ', 'კერამიკული ფილა', 'ლამინატის ფილა (3,6X2,1)', 'ლამინატის ფილა (3,6X2,1) დაჭრა/დაწიბოება', 'ლამინირებული იატაკის ფილა', 'მდფ-ის ფილა (2,88X1,2)', 'მდფ-ის ფილა (2,88X1,2) დაჭრა/დაწიბოება', 'პვხ ფილა', 'პოლიკარბონატის სახურავის დემონტაჟი', 'პოლიკარბონატის სახურავის მოწყობა', 'პროფილირებული თუნუქის ფილა', 'სენდვიჩ პანელის კედლის ფილა', 'სენდვიჩ პანელის სახურავის ფილა']"
ქედის  პროფილი F,"['კედლის პროფილი F', 'პერიმეტრის პროფილი სამაგრი დეტალებით', 'ჭერის პროფილი, გამჭედი დუბელი და სხვ. მასალები 1მ²', 'ჭერის პროფილი, საკიდები, გამჭედი დუბელი და სხვ. მასალები 1მ²']"
კედლის პროფილი F,"['აგურის კედლის ამოშენება', 'აგურის კედლის დემონტაჟი', 'ბლოკის კედლის ამოშენება', 'ბლოკის კედლის დემონტაჟი', 'დაზიანებული კედლის ფენილების გასუფთავება', 'კედლის დამუშავება/შეღებვა', 'კედლის ლესვა', 'კედლის ნალესის დემონტაჟი', 'პერიმეტრის პროფილი სამაგრი დეტალებით', 'სენდვიჩ პანელის კედლის - ჭერის  ნაწილობრივი აღდგენა', 'სენდვიჩ პანელის კედლის - ჭერის  ნაწილობრივი დემონტაჟი', 'სენდვიჩ პანელის კედლის ფილა', 'ქედის  პროფილი F', 'ჭერის პროფილი, გამჭედი დუბელი და სხვ. მასალები 1მ²', 'ჭერის პროფილი, საკიდები, გამჭედი დუბელი და სხვ. მასალები 1მ²']"
აზბესტის სახურავის მოწყობა (შიფერი),"['აზბესტის სახურავის დემონტაჟი (შიფერი)', 'აზბესტის ფილა', 'არმსტრონგის (ნესტგამძლე) შეკიდული ჭერის მოწყობა', 'ბარისოლის მოწყობა', 'დაზიანებული თუნუქის სახურავის დემონტაჟი', 'თუნუქის სახურავის მოწყობა', 'იატაკის პლინტუსების მოწყობა', 'მემბრანა ტოლის მოწყობა სახურავზე', 'მოჭიმული იატაკის მოწყობა', 'პოლიკარბონატის სახურავის დემონტაჟი', 'პოლიკარბონატის სახურავის მოწყობა', 'რბილი იტაკის მოწყობა', 'სარეკლამო მანათობელი ყუთის მოწყობა', 'სახურავზე კრამიტის ფილების მოწყობა', 'სენდვიჩ პანელის სახურავის გადაბმების დამუშავება გერმეტიკით.', 'სენდვიჩ პანელის სახურავის ფილა', 'შინგლის სახურავი/რბილი კრამიტის მოწყობა']"
აზბესტის ფილა,"['აზბესტის სახურავის დემონტაჟი (შიფერი)', 'აზბესტის სახურავის მოწყობა (შიფერი)', 'დვპ-ს ფილა', 'დიბონდი ფილა (3მმ)', 'თაბ.მუყ. ნესტგამძლე ფილა 12,5 მმ', 'კერამიკული ფილა', 'ლამინატის ფილა (3,6X2,1)', 'ლამინატის ფილა (3,6X2,1) დაჭრა/დაწიბოება', 'ლამინირებული იატაკის ფილა', 'მდფ-ის ფილა (2,88X1,2)', 'მდფ-ის ფილა (2,88X1,2) დაჭრა/დაწიბოება', 'პვხ ფილა', 'პროფილირებული თუნუქის ფილა', 'სენდვიჩ პანელის კედლის ფილა', 'სენდვიჩ პანელის სახურავის ფილა', 'ფიჭური პოლიკარბონატის ფილა']"
ლურსმანი,"['ლურსმანი მოთუთიებული', 'პლინტუსის ლურსმანი']"
რბილი იტაკის მოწყობა,"['აზბესტის სახურავის მოწყობა (შიფერი)', 'არმსტრონგის (ნესტგამძლე) შეკიდული ჭერის მოწყობა', 'ბარისოლის მოწყობა', 'თუნუქის სახურავის მოწყობა', 'იატაკის პლინტუსების მოწყობა', 'მემბრანა ტოლის მოწყობა სახურავზე', 'მოჭიმული იატაკის მოწყობა', 'პოლიკარბონატის სახურავის მოწყობა', 'რბილი იატაკი', 'რბილი იტაკის დემონტაჟი', 'სარეკლამო მანათობელი ყუთის მოწყობა', 'სახურავზე კრამიტის ფილების მოწყობა', 'შინგლის სახურავი/რბილი კრამიტის მოწყობა']"
რბილი იატაკი,"['ვინილის იატაკი', 'ლინოლეომის იატაკი', 'რბილი იტაკის დემონტაჟი', 'რბილი იტაკის მოწყობა']"
აგურის კედლის ამოშენება,"['აგურის კედლის დემონტაჟი', 'ბლოკის კედლის ამოშენება', 'ბლოკის კედლის დემონტაჟი', 'დაზიანებული კედლის ფენილების გასუფთავება', 'კედლის დამუშავება/შეღებვა', 'კედლის ლესვა', 'კედლის ნალესის დემონტაჟი', 'კედლის პროფილი F', 'სენდვიჩ პანელის კედლის - ჭერის  ნაწილობრივი აღდგენა', 'სენდვიჩ პანელის კედლის - ჭერის  ნაწილობრივი დემონტაჟი', 'სენდვიჩ პანელის კედლის ფილა']"
ალუკაბონდის სამაგრი კონსტრუქციის მონტაჟი/დადუღება,"['ალუკაბონდის აღდგენა/ჩანაცვლება', 'ალუკაბონდის დემონტაჟი', 'ალუკაბონდის კონსტრუქციის დემონტაჟი', 'თუნუქის ღარის სამაგრი', 'პერიმეტრის პროფილი სამაგრი დეტალებით', 'პლასტმასის ღარის სამაგრი']"
ალუკაბონდის აღდგენა/ჩანაცვლება,"['ალუკაბონდის დემონტაჟი', 'ალუკაბონდის კონსტრუქციის დემონტაჟი', 'ალუკაბონდის სამაგრი კონსტრუქციის მონტაჟი/დადუღება']"
მოჭიმული იატაკის მოწყობა,"['აზბესტის სახურავის მოწყობა (შიფერი)', 'არმსტრონგის (ნესტგამძლე) შეკიდული ჭერის მოწყობა', 'ბარისოლის მოწყობა', 'დაზიანებული იატაკის პლინტუსების დემონტაჟი', 'დაზიანებული ლამინირებული იატაკის ფილების დემონტაჟი', 'ვინილის/ლინოლეუმის იატაკის აღდგენა', 'ვინილის/ლინოლეუმის იატაკის დემონტაჟი', 'თუნუქის სახურავის მოწყობა', 'იატაკის ლაქი', 'იატაკის პლინტუსების მოწყობა', 'ლამინირებული იატაკის აღდგენა', 'ლამინირებული იატაკის ფილა', 'მემბრანა ტოლის მოწყობა სახურავზე', 'მოჭიმული იატაკის დემონტაჟი', 'პარკეტის იატაკის ზედაპირის მოხვეწა/შეღებვა/მონტაჟი', 'პოლიკარბონატის სახურავის მოწყობა', 'რბილი იტაკის მოწყობა', 'სარეკლამო მანათობელი ყუთის მოწყობა', 'სახურავზე კრამიტის ფილების მოწყობა', 'შინგლის სახურავი/რბილი კრამიტის მოწყობა', 'ხის იატაკის დემონტაჟი', 'ხის იატაკის მოხვეწა/შეღებვა/მონტაჟი']"
ქვიშა-ცემენტი,['ქვიშა-ცემენტის ნარევი']
შენადუღი ლითონის ბადე  200*200*5 მმ,"['ბადე', 'ბადე ზოლოვანა', 'თაბ.მუყ. ნესტგამძლე ფილა 12,5 მმ', 'სამონტაჟო წებო 280 მმ']"
კედლის ლესვა,"['აგურის კედლის ამოშენება', 'აგურის კედლის დემონტაჟი', 'ბლოკის კედლის ამოშენება', 'ბლოკის კედლის დემონტაჟი', 'დაზიანებული კედლის ფენილების გასუფთავება', 'კედლის დამუშავება/შეღებვა', 'კედლის ნალესის დემონტაჟი', 'კედლის პროფილი F', 'სენდვიჩ პანელის კედლის - ჭერის  ნაწილობრივი აღდგენა', 'სენდვიჩ პანელის კედლის - ჭერის  ნაწილობრივი დემონტაჟი', 'სენდვიჩ პანელის კედლის ფილა']"
სარეკლამო მანათობელი ყუთის მოწყობა,"['აზბესტის სახურავის მოწყობა (შიფერი)', 'არმსტრონგის (ნესტგამძლე) შეკიდული ჭერის მოწყობა', 'ბარისოლის მოწყობა', 'თუნუქის სახურავის მოწყობა', 'იატაკის პლინტუსების მოწყობა', 'მემბრანა ტოლის მოწყობა სახურავზე', 'მოჭიმული იატაკის მოწყობა', 'პოლიკარბონატის სახურავის მოწყობა', 'რბილი იტაკის მოწყობა', 'სარეკლამო მანათობელი ყუთის დემონტაჟი', 'სახურავზე კრამიტის ფილების მოწყობა', 'შინგლის სახურავი/რბილი კრამიტის მოწყობა']"
დიბონდი ფილა (3მმ),"['აზბესტის ფილა', 'დვპ-ს ფილა', 'თაბ.მუყ. ნესტგამძლე ფილა 12,5 მმ', 'კერამიკული ფილა', 'ლამინატის ფილა (3,6X2,1)', 'ლამინატის ფილა (3,6X2,1) დაჭრა/დაწიბოება', 'ლამინირებული იატაკის ფილა', 'მდფ-ის ფილა (2,88X1,2)', 'მდფ-ის ფილა (2,88X1,2) დაჭრა/დაწიბოება', 'პვხ ფილა', 'პროფილირებული თუნუქის ფილა', 'სენდვიჩ პანელის კედლის ფილა', 'სენდვიჩ პანელის სახურავის ფილა', 'ფიჭური პოლიკარბონატის ფილა']"
პვხ ფილა,"['აზბესტის ფილა', 'დვპ-ს ფილა', 'დიბონდი ფილა (3მმ)', 'თაბ.მუყ. ნესტგამძლე ფილა 12,5 მმ', 'კერამიკული ფილა', 'ლამინატის ფილა (3,6X2,1)', 'ლამინატის ფილა (3,6X2,1) დაჭრა/დაწიბოება', 'ლამინირებული იატაკის ფილა', 'მდფ-ის ფილა (2,88X1,2)', 'მდფ-ის ფილა (2,88X1,2) დაჭრა/დაწიბოება', 'პროფილირებული თუნუქის ფილა', 'სენდვიჩ პანელის კედლის ფილა', 'სენდვიჩ პანელის სახურავის ფილა', 'ფიჭური პოლიკარბონატის ფილა']"
ორგიმანზე ბეჭდვა (ფასი განისაზღვრება ასოებისა და გამოსახულებების რაოდენობისა და ზომების მიხედვით),"['ელექტროობის ერთი წერტილის ფასი', 'ჭერის პროფილი, გამჭედი დუბელი და სხვ. მასალები 1მ²', 'ჭერის პროფილი, საკიდები, გამჭედი დუბელი და სხვ. მასალები 1მ²']"
შიდა პანელური ლედ სანათი,['სანათი']
კაბელი 2*1.5,"['კაბელი 3X2,5 მმ²']"
ვინილის/ლინოლეუმის იატაკის აღდგენა,"['გაჯის ბათქაშის აღდგენა', 'დაზიანებული იატაკის პლინტუსების დემონტაჟი', 'დაზიანებული ლამინირებული იატაკის ფილების დემონტაჟი', 'დაზიანებული ჟოლობის აღდგენა', 'ვინილის/ლინოლეუმის იატაკის დემონტაჟი', 'თაბ.მუყ. ტიხრის აღდგენა', 'თაბ.მუყ. ჭერის/კედლის აღდგენა', 'იატაკის ლაქი', 'იატაკის პლინტუსების მოწყობა', 'კაფელ-მეტლახის/გრანიტის აღდგენა', 'ლამინირებული იატაკის აღდგენა', 'ლამინირებული იატაკის ფილა', 'მდფ/ლამინირებული ავეჯის ნაწილობრივი აღდგენა', 'მოჭიმული იატაკის დემონტაჟი', 'მოჭიმული იატაკის მოწყობა', 'ნარმას ჭერის აღდგენა (ბიაზი)', 'პარკეტის იატაკის ზედაპირის მოხვეწა/შეღებვა/მონტაჟი', 'სასაწყობე ელექტრო კარი ჟალუზის აღდგენა', 'სენდვიჩ პანელის კედლის - ჭერის  ნაწილობრივი აღდგენა', 'შეღებილი ქაღალდის ჭერის/კედლის ფენილის აღდგენა', 'შპალერის აღდგენა', 'ხის იატაკის დემონტაჟი', 'ხის იატაკის მოხვეწა/შეღებვა/მონტაჟი']"
ვინილის იატაკი,"['ლინოლეომის იატაკი', 'რბილი იატაკი']"
ლინოლეომის იატაკი,"['ვინილის იატაკი', 'რბილი იატაკი']"
შინგლის სახურავი/რბილი კრამიტის მოწყობა,"['აზბესტის სახურავის მოწყობა (შიფერი)', 'არმსტრონგის (ნესტგამძლე) შეკიდული ჭერის მოწყობა', 'ბარისოლის მოწყობა', 'თუნუქის სახურავის მოწყობა', 'იატაკის პლინტუსების მოწყობა', 'მემბრანა ტოლის მოწყობა სახურავზე', 'მოჭიმული იატაკის მოწყობა', 'პოლიკარბონატის სახურავის მოწყობა', 'რბილი იტაკის მოწყობა', 'სარეკლამო მანათობელი ყუთის მოწყობა', 'სახურავზე კრამიტის ფილების დემონტაჟი', 'სახურავზე კრამიტის ფილების მოწყობა', 'შინგლის/რბილი კრამიტის დემონტაჟი']"
კრამიტი ბიტუმის დრეკადი,"['კრამიტი ადგილობრივ ბაზარზე (მეორადი)', 'კრამიტი უცხოურ ბაზარზე']"
ლურსმანი მოთუთიებული,"['ლურსმანი', 'პლინტუსის ლურსმანი', 'ხრახნი მოთუთიებული']"
ხის იატაკის მოხვეწა/შეღებვა/მონტაჟი,"['დაზიანებული იატაკის პლინტუსების დემონტაჟი', 'დაზიანებული ლამინირებული იატაკის ფილების დემონტაჟი', 'ვინილის/ლინოლეუმის იატაკის აღდგენა', 'ვინილის/ლინოლეუმის იატაკის დემონტაჟი', 'იატაკის ლაქი', 'იატაკის პლინტუსების მოწყობა', 'ლამინირებული იატაკის აღდგენა', 'ლამინირებული იატაკის ფილა', 'მოჭიმული იატაკის დემონტაჟი', 'მოჭიმული იატაკის მოწყობა', 'პარკეტის იატაკის ზედაპირის მოხვეწა/შეღებვა/მონტაჟი', 'პლინტუსი ხის', 'ხის იატაკის დემონტაჟი', 'ხის კარი', 'ხის მასალა', 'ხის ფანჯარა', 'ხის ფანჯრის/კარის დემონტაჟი', 'ხის ფანჯრის/კარის მონტაჟი', 'ხის ფიცარი']"
ხის ფიცარი,"['პლინტუსი ხის', 'ხის იატაკის დემონტაჟი', 'ხის იატაკის მოხვეწა/შეღებვა/მონტაჟი', 'ხის კარი', 'ხის მასალა', 'ხის ფანჯარა', 'ხის ფანჯრის/კარის დემონტაჟი', 'ხის ფანჯრის/კარის მონტაჟი']"
ხის ფანჯრის/კარის მონტაჟი,"['ახალი მდფ-ის  კარის ბლოკის მონტაჟი', 'პლინტუსი ხის', 'ხის იატაკის დემონტაჟი', 'ხის იატაკის მოხვეწა/შეღებვა/მონტაჟი', 'ხის კარი', 'ხის მასალა', 'ხის ფანჯარა', 'ხის ფანჯრის/კარის დემონტაჟი', 'ხის ფიცარი']"
ხის ფანჯარა,"['თერმო ალუმინის (ალდოქსი) ფანჯარა ერთფრთიანი', 'თერმო ალუმინის ფანჯარა (ალდოქსი) ორფრთიანი', 'თერმო ალუმინის ფანჯარა (ალდოქსი) სამფრთიანი', 'იზოპროფილის ფანჯარა ერთფრთიანი', 'იზოპროფილის ფანჯარა ორფრთიანი', 'იზოპროფილის ფანჯარა სამფრთიანი', 'მეტალო პლასტმასის ფანჯარა ერთფრთიანი', 'მეტალო პლასტმასის ფანჯარა ორფრთიანი', 'მეტალო პლასტმასის ფანჯარა სამფრთიანი', 'პლინტუსი ხის', 'ხის იატაკის დემონტაჟი', 'ხის იატაკის მოხვეწა/შეღებვა/მონტაჟი', 'ხის კარი', 'ხის მასალა', 'ხის ფანჯრის/კარის დემონტაჟი', 'ხის ფანჯრის/კარის მონტაჟი', 'ხის ფიცარი']"
ხის კარი,"['პლინტუსი ხის', 'სასაწყობე ელექტრო კარი ჟალუზის აღდგენა', 'სასაწყობე ელექტრო კარი ჟალუზის დემონტაჟი', 'ხის იატაკის დემონტაჟი', 'ხის იატაკის მოხვეწა/შეღებვა/მონტაჟი', 'ხის მასალა', 'ხის ფანჯარა', 'ხის ფანჯრის/კარის დემონტაჟი', 'ხის ფანჯრის/კარის მონტაჟი', 'ხის ფიცარი']"
სენდვიჩ პანელის კედლის - ჭერის  ნაწილობრივი აღდგენა,"['აგურის კედლის ამოშენება', 'აგურის კედლის დემონტაჟი', 'არმსტრონგის (ნესტგამძლე) შეკიდული ჭერის მოწყობა', 'არმსტრონგის ჭერის კარკასი დეტალებით', 'ბლოკის კედლის ამოშენება', 'ბლოკის კედლის დემონტაჟი', 'გასაჭიმი ჭერის რულონი', 'გაჯის ბათქაშის აღდგენა', 'დაზიანებული კედლის ფენილების გასუფთავება', 'დაზიანებული ჟოლობის აღდგენა', 'დაზიანებული ჭერის ფენილის გასუფთავება', 'ვინილის/ლინოლეუმის იატაკის აღდგენა', 'თაბ.მუყ. ტიხრის აღდგენა', 'თაბ.მუყ. ჭერის/კედლის აღდგენა', 'კაფელ-მეტლახის/გრანიტის აღდგენა', 'კედლის დამუშავება/შეღებვა', 'კედლის ლესვა', 'კედლის ნალესის დემონტაჟი', 'კედლის პროფილი F', 'ლამინირებული იატაკის აღდგენა', 'მდფ/ლამინირებული ავეჯის ნაწილობრივი აღდგენა', 'ნარმას ჭერის აღდგენა (ბიაზი)', 'ნარმის ჭერის დემონტაჟი', 'სასაწყობე ელექტრო კარი ჟალუზის აღდგენა', 'სენდვიჩ პანელის კედლის - ჭერის  ნაწილობრივი დემონტაჟი', 'სენდვიჩ პანელის კედლის ფილა', 'სენდვიჩ პანელის სახურავის გადაბმების დამუშავება გერმეტიკით.', 'სენდვიჩ პანელის სახურავის ფილა', 'შეკიდული ჭერის Pპროფილი', 'შეკიდული ჭერის ნათურა, დღის ნათებით', 'შეღებილი ქაღალდის ჭერის/კედლის ფენილის აღდგენა', 'შპალერის აღდგენა', 'ჭერის დამუშავება/შეღებვა', 'ჭერის პროფილი, გამჭედი დუბელი და სხვ. მასალები 1მ²', 'ჭერის პროფილი, საკიდები, გამჭედი დუბელი და სხვ. მასალები 1მ²', 'ჭერის სამონტაჟო პროფილები']"
სენდვიჩ პანელის კედლის ფილა,"['აგურის კედლის ამოშენება', 'აგურის კედლის დემონტაჟი', 'აზბესტის ფილა', 'ბლოკის კედლის ამოშენება', 'ბლოკის კედლის დემონტაჟი', 'დაზიანებული კედლის ფენილების გასუფთავება', 'დვპ-ს ფილა', 'დიბონდი ფილა (3მმ)', 'თაბ.მუყ. ნესტგამძლე ფილა 12,5 მმ', 'კედლის დამუშავება/შეღებვა', 'კედლის ლესვა', 'კედლის ნალესის დემონტაჟი', 'კედლის პროფილი F', 'კერამიკული ფილა', 'ლამინატის ფილა (3,6X2,1)', 'ლამინატის ფილა (3,6X2,1) დაჭრა/დაწიბოება', 'ლამინირებული იატაკის ფილა', 'მდფ-ის ფილა (2,88X1,2)', 'მდფ-ის ფილა (2,88X1,2) დაჭრა/დაწიბოება', 'პვხ ფილა', 'პროფილირებული თუნუქის ფილა', 'სენდვიჩ პანელის კედლის - ჭერის  ნაწილობრივი აღდგენა', 'სენდვიჩ პანელის კედლის - ჭერის  ნაწილობრივი დემონტაჟი', 'სენდვიჩ პანელის სახურავის გადაბმების დამუშავება გერმეტიკით.', 'სენდვიჩ პანელის სახურავის ფილა', 'ფიჭური პოლიკარბონატის ფილა']"
სენდვიჩ პანელის სახურავის ფილა,"['აზბესტის სახურავის დემონტაჟი (შიფერი)', 'აზბესტის სახურავის მოწყობა (შიფერი)', 'აზბესტის ფილა', 'დაზიანებული თუნუქის სახურავის დემონტაჟი', 'დვპ-ს ფილა', 'დიბონდი ფილა (3მმ)', 'თაბ.მუყ. ნესტგამძლე ფილა 12,5 მმ', 'თუნუქის სახურავის მოწყობა', 'კერამიკული ფილა', 'ლამინატის ფილა (3,6X2,1)', 'ლამინატის ფილა (3,6X2,1) დაჭრა/დაწიბოება', 'ლამინირებული იატაკის ფილა', 'მდფ-ის ფილა (2,88X1,2)', 'მდფ-ის ფილა (2,88X1,2) დაჭრა/დაწიბოება', 'პვხ ფილა', 'პოლიკარბონატის სახურავის დემონტაჟი', 'პოლიკარბონატის სახურავის მოწყობა', 'პროფილირებული თუნუქის ფილა', 'სენდვიჩ პანელის კედლის - ჭერის  ნაწილობრივი აღდგენა', 'სენდვიჩ პანელის კედლის - ჭერის  ნაწილობრივი დემონტაჟი', 'სენდვიჩ პანელის კედლის ფილა', 'სენდვიჩ პანელის სახურავის გადაბმების დამუშავება გერმეტიკით.', 'ფიჭური პოლიკარბონატის ფილა']"
გაჯის ბათქაშის აღდგენა,"['გაჯის ბათქაშის ჩამოჩეხვა', 'დაზიანებული ჟოლობის აღდგენა', 'ვინილის/ლინოლეუმის იატაკის აღდგენა', 'თაბ.მუყ. ტიხრის აღდგენა', 'თაბ.მუყ. ჭერის/კედლის აღდგენა', 'კაფელ-მეტლახის/გრანიტის აღდგენა', 'ლამინირებული იატაკის აღდგენა', 'მდფ/ლამინირებული ავეჯის ნაწილობრივი აღდგენა', 'ნარმას ჭერის აღდგენა (ბიაზი)', 'სასაწყობე ელექტრო კარი ჟალუზის აღდგენა', 'სენდვიჩ პანელის კედლის - ჭერის  ნაწილობრივი აღდგენა', 'შეღებილი ქაღალდის ჭერის/კედლის ფენილის აღდგენა', 'შპალერის აღდგენა']"
სენდვიჩ პანელის სახურავის გადაბმების დამუშავება გერმეტიკით.,"['აზბესტის სახურავის დემონტაჟი (შიფერი)', 'აზბესტის სახურავის მოწყობა (შიფერი)', 'დაზიანებული თუნუქის სახურავის დემონტაჟი', 'თუნუქის სახურავის მოწყობა', 'კედელზე კაფელის ზედაპირის დამუშავება ფუგით  (სააბაზანოში)', 'პოლიკარბონატის სახურავის დემონტაჟი', 'პოლიკარბონატის სახურავის მოწყობა', 'სენდვიჩ პანელის კედლის - ჭერის  ნაწილობრივი აღდგენა', 'სენდვიჩ პანელის კედლის - ჭერის  ნაწილობრივი დემონტაჟი', 'სენდვიჩ პანელის კედლის ფილა', 'სენდვიჩ პანელის სახურავის ფილა']"
სააბაზანოს კომპლექტი დემონტაჟი/მონტაჟი,['ხელსაბანის კომპლექტი']
ხელსაბანის კომპლექტი,['სააბაზანოს კომპლექტი დემონტაჟი/მონტაჟი']
ჯამი,['სულ ჯამი']
სატრანსპორტო ხარჯი,"['გაუთვალისწინებელი ხარჯი', 'ზედნადები ხარჯი']"
გაუთვალისწინებელი ხარჯი,"['ზედნადები ხარჯი', 'სატრანსპორტო ხარჯი']"
ზედნადები ხარჯი,"['გაუთვალისწინებელი ხარჯი', 'სატრანსპორტო ხარჯი']"
სულ ჯამი,['ჯამი']
